{"type": "FeatureCollection", "features": [{"type": "Feature", "geometry": {"type": "LineString", "coordinates": [[25.783315, 71.169417], [25.777476, 71.163964], [25.780323, 71.1587], [25.775996, 71.152002], [25.760205, 71.142023], [25.741254, 71.137954], [25.707276, 71.120734], [25.6935, 71.107939], [25.731631, 71.106735], [25.742306, 71.101113], [25.762107, 71.101012], [25.768327, 71.094174], [25.782362, 71.091197], [25.779186, 71.085015], [25.770528, 71.079404], [25.774247, 71.072428], [25.788952, 71.066935], [25.767084, 71.05982], [25.76389, 71.056565], [25.765145, 71.052052], [25.759499, 71.048437], [25.773675, 71.040459], [25.830692, 71.035516], [25.835303, 71.030301], [25.84539, 71.02723], [25.861045, 71.030931], [25.881644, 71.030611], [25.888343, 71.034509], [25.886052, 71.030575], [25.889943, 71.025418], [25.881812, 71.02076], [25.882042, 71.015828], [25.890438, 71.014408], [25.893977, 71.009843], [25.923575, 71.011405], [25.953073, 71.008945], [25.965835, 71.004811], [25.965893, 71.00178]]}, "properties": {"name": "001: Nordkapp – Honningsvåg (Developed + Not Signed)", "source_file": "eurovelo-1.gpx", "point_count": 330, "distance_km": 31.16, "elevation_gain_m": 494.0, "elevation_loss_m": 785.1}}, {"type": "Feature", "geometry": {"type": "LineString", "coordinates": [[25.965893, 71.00178], [25.954933, 70.99395], [25.861865, 70.983966], [25.813545, 70.975321], [25.779507, 70.977286], [25.738896, 70.991177], [25.703323, 70.973949], [25.70401, 70.969083], [25.694561, 70.961513], [25.712259, 70.950474], [25.677952, 70.894201], [25.678979, 70.891356], [25.722899, 70.884568], [25.724014, 70.880593], [25.733735, 70.876237], [25.722912, 70.864717], [25.728744, 70.861814], [25.758733, 70.870051], [25.78662, 70.870488], [25.811419, 70.878317], [25.834071, 70.877967], [25.805015, 70.86358], [25.786618, 70.836479], [25.767238, 70.821183], [25.745479, 70.812005], [25.715985, 70.788955], [25.69872, 70.788091], [25.666054, 70.779959], [25.622175, 70.776164], [25.614548, 70.772884], [25.594361, 70.759504], [25.589155, 70.751802], [25.594942, 70.746545], [25.613575, 70.73919]]}, "properties": {"name": "002: Honningsvåg – Repvåg (Developed + Not Signed)", "source_file": "eurovelo-1.gpx", "point_count": 380, "distance_km": 51.53, "elevation_gain_m": 1048.8, "elevation_loss_m": 1044.0}}, {"type": "Feature", "geometry": {"type": "LineString", "coordinates": [[25.613706, 70.739155], [25.618854, 70.736629], [25.556917, 70.708124], [25.546241, 70.705195], [25.522875, 70.706041], [25.51567, 70.699159], [25.497806, 70.692965], [25.481813, 70.680103], [25.44298, 70.670946], [25.393265, 70.670839], [25.389067, 70.667426], [25.407162, 70.660668], [25.398976, 70.653127], [25.382762, 70.647116], [25.360203, 70.645237], [25.372738, 70.637198], [25.294478, 70.62205], [25.291167, 70.618833], [25.288275, 70.596663], [25.27946, 70.593045], [25.245198, 70.589383], [25.246259, 70.58105], [25.237956, 70.576135], [25.240872, 70.57209], [25.234619, 70.567083], [25.188404, 70.556879], [25.135674, 70.537174], [25.096612, 70.531689], [25.09204, 70.528973], [25.09345, 70.526722], [25.0792, 70.522115], [25.059072, 70.507628], [25.039224, 70.500806], [25.040885, 70.495051], [25.055752, 70.48612], [25.076548, 70.483863], [25.0669, 70.479314], [25.071358, 70.473839]]}, "properties": {"name": "003: Repvåg – Olderfjord (Developed + Not Signed)", "source_file": "eurovelo-1.gpx", "point_count": 471, "distance_km": 44.17, "elevation_gain_m": 887.4, "elevation_loss_m": 909.0}}, {"type": "Feature", "geometry": {"type": "LineString", "coordinates": [[25.071274, 70.473924], [24.967056, 70.46911], [24.873451, 70.479248], [24.807195, 70.46704], [24.623568, 70.442428], [24.553686, 70.438424], [24.51652, 70.431579], [24.502034, 70.4326], [24.5032, 70.422239], [24.495396, 70.409396], [24.484722, 70.403818], [24.443922, 70.394156], [24.442808, 70.390889], [24.450269, 70.385835], [24.449034, 70.383814], [24.381445, 70.367702], [24.356672, 70.356595], [24.356796, 70.351062], [24.340824, 70.345307], [24.266819, 70.330232], [24.193054, 70.307861], [24.171024, 70.295032], [24.141603, 70.297076], [24.105299, 70.287104], [24.099668, 70.281568], [24.100814, 70.269138], [24.082886, 70.2378]]}, "properties": {"name": "004: Olderfjord – Sennalandet (Developed + Signed)", "source_file": "eurovelo-1.gpx", "point_count": 255, "distance_km": 52.91, "elevation_gain_m": 592.7, "elevation_loss_m": 313.1}}, {"type": "Feature", "geometry": {"type": "LineString", "coordinates": [[24.068966, 70.206578], [24.05494, 70.191636], [24.039058, 70.187947], [23.98764, 70.189193], [23.931343, 70.179137], [23.896479, 70.17651], [23.841881, 70.181432], [23.817918, 70.179557], [23.757149, 70.16805], [23.673944, 70.138952], [23.594788, 70.124117], [23.55284, 70.107507], [23.551967, 70.096092], [23.537053, 70.086249], [23.544032, 70.07344], [23.54489, 70.063791], [23.558229, 70.054079], [23.558317, 70.044898], [23.565398, 70.044057], [23.566221, 70.039445], [23.537585, 70.023384], [23.538725, 70.017006], [23.536349, 70.014827], [23.508399, 70.009926], [23.500148, 70.001598], [23.478039, 70.000073], [23.487485, 69.993212], [23.485585, 69.984749], [23.467089, 69.975551], [23.4548, 69.975205], [23.401636, 69.96132], [23.382682, 69.963416], [23.3719, 69.9721], [23.364056, 69.973568], [23.292783, 69.977158], [23.267189, 69.966846], [23.2359, 69.960433]]}, "properties": {"name": "005: Sennalandet – Alta (Developed + Signed)", "source_file": "eurovelo-1.gpx", "point_count": 398, "distance_km": 53.15, "elevation_gain_m": 479.7, "elevation_loss_m": 752.2}}, {"type": "Feature", "geometry": {"type": "LineString", "coordinates": [[23.235492, 69.96016], [23.188165, 69.945839], [23.169329, 69.951744], [23.151574, 69.949005], [23.129766, 69.938773], [23.120982, 69.928435], [23.08349, 69.922862], [23.060273, 69.909966], [23.046864, 69.906702], [23.037509, 69.908624], [23.035198, 69.91413], [23.019869, 69.916566], [23.025986, 69.920637], [23.011772, 69.924268], [23.027515, 69.93847], [23.05243, 69.948055], [23.085466, 69.95353], [23.110729, 69.966375], [23.109808, 69.971849], [23.09916, 69.975172], [23.093832, 69.984993], [23.100443, 70.002476], [23.079279, 70.02562], [23.057677, 70.026115], [23.047487, 70.02026], [23.047818, 70.017533], [23.027091, 70.015092], [23.000153, 70.02872], [22.97495, 70.031752], [22.97168, 70.037995], [22.95004, 70.04136], [22.952865, 70.045495], [22.981035, 70.049417], [22.984514, 70.054787], [22.995591, 70.057839], [22.995581, 70.062518], [22.987002, 70.068684], [22.982901, 70.076121], [22.98287, 70.083516], [22.987239, 70.091807], [22.985874, 70.096786], [22.989568, 70.10068], [22.988172, 70.105627], [22.992783, 70.109475], [22.987018, 70.112822], [22.98885, 70.116285], [22.98253, 70.121702], [22.989021, 70.134063]]}, "properties": {"name": "006: Alta – Isnestoften (Developed + Signed)", "source_file": "eurovelo-1.gpx", "point_count": 576, "distance_km": 47.14, "elevation_gain_m": 836.7, "elevation_loss_m": 831.0}}, {"type": "Feature", "geometry": {"type": "LineString", "coordinates": [[22.989021, 70.134063], [22.972642, 70.137673], [22.960883, 70.1356], [22.932706, 70.123579], [22.894488, 70.113485], [22.878731, 70.105473], [22.839734, 70.09661], [22.739353, 70.087765], [22.683363, 70.074617], [22.646438, 70.075058], [22.512428, 70.059942], [22.391469, 70.05468], [22.342952, 70.04053], [22.299177, 70.022823], [22.288404, 70.02377], [22.278882, 70.033363], [22.253804, 70.040122], [22.229282, 70.036643], [22.16451, 70.037677], [22.094267, 70.028954], [22.074723, 70.02446], [22.031587, 70.003304], [22.044051, 69.987046], [22.036956, 69.975661], [22.039371, 69.963914], [22.033988, 69.956752], [22.05184, 69.939353]]}, "properties": {"name": "007: Isnestoften – Burfjord (Developed + Signed)", "source_file": "eurovelo-1.gpx", "point_count": 343, "distance_km": 51.44, "elevation_gain_m": 421.7, "elevation_loss_m": 427.6}}, {"type": "Feature", "geometry": {"type": "LineString", "coordinates": [[22.05184, 69.939353], [22.055591, 69.928962], [22.075967, 69.923859], [22.075663, 69.916694], [22.058569, 69.910658], [22.030462, 69.906924], [22.00374, 69.893091], [21.981095, 69.887685], [21.97469, 69.882651], [21.974519, 69.876846], [21.983654, 69.876488], [21.98307, 69.872837], [21.992945, 69.866939], [22.024065, 69.853414], [22.027181, 69.846356], [22.013413, 69.841484], [21.977419, 69.838669], [21.949208, 69.837841], [21.926368, 69.842862], [21.898851, 69.838782], [21.821855, 69.84429], [21.800003, 69.857693], [21.802263, 69.860418], [21.794981, 69.865203], [21.754638, 69.87937], [21.684638, 69.885567], [21.678517, 69.878654], [21.664366, 69.87915], [21.641144, 69.888415], [21.627795, 69.886783], [21.62028, 69.895916], [21.598937, 69.899524], [21.553003, 69.899009], [21.531198, 69.891443], [21.49356, 69.8904], [21.476863, 69.88362], [21.463159, 69.88245], [21.391082, 69.899825], [21.358486, 69.901446], [21.34201, 69.90814], [21.327757, 69.906366], [21.305367, 69.896803], [21.206438, 69.900467], [21.188305, 69.894125], [21.203848, 69.874959], [21.22886, 69.859044], [21.230773, 69.85435], [21.226362, 69.849076], [21.204887, 69.835493], [21.188071, 69.830648], [21.179787, 69.824672], [21.152485, 69.818696], [21.138157, 69.803649], [21.04912, 69.789017], [21.025056, 69.768205]]}, "properties": {"name": "008: Burfjord – Storslett (Developed + Signed)", "source_file": "eurovelo-1.gpx", "point_count": 612, "distance_km": 72.66, "elevation_gain_m": 1059.8, "elevation_loss_m": 1083.7}}, {"type": "Feature", "geometry": {"type": "LineString", "coordinates": [[21.025056, 69.768205], [21.01387, 69.767582], [20.963813, 69.777409], [20.924136, 69.800641], [20.921329, 69.807142], [20.896999, 69.818483], [20.887032, 69.821054], [20.863779, 69.817804], [20.849444, 69.81987], [20.838662, 69.825308], [20.812652, 69.819288], [20.77986, 69.820135], [20.743325, 69.805997], [20.720372, 69.801187], [20.710367, 69.792425], [20.693169, 69.789765], [20.650128, 69.790227], [20.562617, 69.773188], [20.547721, 69.768052], [20.53663, 69.75944], [20.496217, 69.765409], [20.464765, 69.761669], [20.466969, 69.758481], [20.489951, 69.754769], [20.493016, 69.752469], [20.490371, 69.747849], [20.522756, 69.734511], [20.525894, 69.718086], [20.53099, 69.708697], [20.525531, 69.699826], [20.500509, 69.676076], [20.49231, 69.670118], [20.482662, 69.669868], [20.473353, 69.661635], [20.47259, 69.652943], [20.46394, 69.641963], [20.464184, 69.637162], [20.487035, 69.615705], [20.53738, 69.60313], [20.534081, 69.601529]]}, "properties": {"name": "009: Storslett – Olderdalen (Developed + Signed)", "source_file": "eurovelo-1.gpx", "point_count": 406, "distance_km": 50.45, "elevation_gain_m": 512.7, "elevation_loss_m": 513.4}}, {"type": "Feature", "geometry": {"type": "LineString", "coordinates": [[20.222882, 69.577302], [20.199025, 69.574077], [20.113672, 69.58889], [20.049956, 69.586519], [19.992081, 69.591262], [19.969958, 69.595377], [19.94512, 69.604855], [19.885709, 69.611755], [19.869706, 69.615731], [19.868737, 69.618887], [19.855914, 69.618973], [19.835113, 69.624872], [19.817802, 69.642838], [19.819686, 69.65823], [19.810805, 69.663501]]}, "properties": {"name": "010: Lyngseidet – Svensby (Developed + Signed)", "source_file": "eurovelo-1.gpx", "point_count": 165, "distance_km": 21.92, "elevation_gain_m": 132.0, "elevation_loss_m": 146.4}}, {"type": "Feature", "geometry": {"type": "LineString", "coordinates": [[19.650708, 69.669934], [19.634219, 69.665187], [19.573314, 69.657982], [19.532647, 69.649969], [19.522215, 69.644699], [19.474151, 69.6434], [19.416254, 69.632293], [19.404462, 69.627897], [19.410613, 69.62087], [19.390048, 69.614373], [19.346139, 69.607984], [19.199325, 69.56773], [19.186238, 69.561318], [19.182744, 69.564056], [19.187798, 69.567894], [19.186104, 69.570318], [19.170197, 69.572324], [19.143987, 69.563164], [19.069006, 69.557714], [18.975854, 69.539749], [18.964571, 69.543307], [18.949814, 69.566184], [18.944368, 69.583923], [18.939966, 69.587351], [18.937537, 69.601078], [18.94708, 69.623069], [18.986481, 69.648174], [18.964302, 69.65478], [18.966666, 69.654489], [18.955124, 69.648726]]}, "properties": {"name": "011: Breivikeidet – Tromsø (Developed + Signed)", "source_file": "eurovelo-1.gpx", "point_count": 394, "distance_km": 49.0, "elevation_gain_m": 470.0, "elevation_loss_m": 460.5}}, {"type": "Feature", "geometry": {"type": "LineString", "coordinates": [[18.958599, 69.647105], [18.953882, 69.647801], [18.917524, 69.62987], [18.906832, 69.634418], [18.900767, 69.64077], [18.898922, 69.649155], [18.908074, 69.658096], [18.90993, 69.665217], [18.921713, 69.669917], [18.908524, 69.672744], [18.901122, 69.679361], [18.908878, 69.686101], [18.907724, 69.688786], [18.88368, 69.696307], [18.845573, 69.685449], [18.795697, 69.683465], [18.760824, 69.674326], [18.738737, 69.682117], [18.653421, 69.685484], [18.62795, 69.672244], [18.57195, 69.663074], [18.541364, 69.652303], [18.485428, 69.649413], [18.446337, 69.6362], [18.414616, 69.640815], [18.397468, 69.630904], [18.334646, 69.612435], [18.307649, 69.607973], [18.278345, 69.581445], [18.275201, 69.582727], [18.286423, 69.597734], [18.286412, 69.601821], [18.26769, 69.608696], [18.26361, 69.617718], [18.246089, 69.618526], [18.22682, 69.625094], [18.207997, 69.620137], [18.173745, 69.628784], [18.155849, 69.629676], [18.105101, 69.618197], [18.093532, 69.610525], [18.073518, 69.609786], [18.047985, 69.601454], [18.030918, 69.604034], [18.030498, 69.607648], [18.032868, 69.607853]]}, "properties": {"name": "012: Tromsø – Brensholmen (Developed + Signed)", "source_file": "eurovelo-1.gpx", "point_count": 544, "distance_km": 59.24, "elevation_gain_m": 489.2, "elevation_loss_m": 489.7}}, {"type": "Feature", "geometry": {"type": "LineString", "coordinates": [[17.908248, 69.506931], [17.859076, 69.496663], [17.844196, 69.484946], [17.855525, 69.468579], [17.832787, 69.46118], [17.770078, 69.467134], [17.753219, 69.474487], [17.736624, 69.475932], [17.694694, 69.472913], [17.696064, 69.468024], [17.692604, 69.466358], [17.654278, 69.467042], [17.637895, 69.462105], [17.611442, 69.462076], [17.597324, 69.457833], [17.578146, 69.462313], [17.563743, 69.471005], [17.549606, 69.474459], [17.555463, 69.483025], [17.555121, 69.488297], [17.522166, 69.499617], [17.503514, 69.496505], [17.491357, 69.485383], [17.432255, 69.474955], [17.406792, 69.481133], [17.381048, 69.479372], [17.3354, 69.489332], [17.331568, 69.475936], [17.353392, 69.461116], [17.346242, 69.453125], [17.349803, 69.451356], [17.352344, 69.442791], [17.34139, 69.441469]]}, "properties": {"name": "013: Botnhamn – Skaland (Developed + Signed)", "source_file": "eurovelo-1.gpx", "point_count": 439, "distance_km": 39.99, "elevation_gain_m": 1361.5, "elevation_loss_m": 1329.9}}, {"type": "Feature", "geometry": {"type": "LineString", "coordinates": [[17.34139, 69.441469], [17.382677, 69.435089], [17.425842, 69.441922], [17.460904, 69.440648], [17.492023, 69.431754], [17.502232, 69.425652], [17.499937, 69.420855], [17.504798, 69.42282], [17.507929, 69.417509], [17.513136, 69.416762], [17.519095, 69.410826], [17.502546, 69.400896], [17.479349, 69.395126], [17.399256, 69.391517], [17.398716, 69.389057], [17.295692, 69.403268], [17.282535, 69.401641], [17.258982, 69.412717], [17.216115, 69.415146], [17.186741, 69.410273], [17.168281, 69.414953], [17.150426, 69.411951], [17.129703, 69.403253], [17.128984, 69.39365], [17.116512, 69.383678], [17.13121, 69.3688], [17.123169, 69.355437], [17.052899, 69.363468]]}, "properties": {"name": "014: Skaland – Gryllefjord (Developed + Signed)", "source_file": "eurovelo-1.gpx", "point_count": 405, "distance_km": 37.91, "elevation_gain_m": 1087.4, "elevation_loss_m": 1119.0}}, {"type": "Feature", "geometry": {"type": "LineString", "coordinates": [[16.13389, 69.32682], [16.13125, 69.325904], [16.132657, 69.322515], [16.123962, 69.320603], [16.118139, 69.312194], [16.090132, 69.309663], [16.04991, 69.297729], [16.021388, 69.292755], [15.994489, 69.298372], [15.994699, 69.293436], [15.988806, 69.286504], [15.990032, 69.28255], [15.955946, 69.271814], [15.961131, 69.268985], [15.957932, 69.26405], [15.965449, 69.260648], [15.96522, 69.257519], [15.957495, 69.254777], [15.968269, 69.248675], [15.970271, 69.243613], [15.945677, 69.234454], [15.91329, 69.217165], [15.866392, 69.211008], [15.856006, 69.199023], [15.83194, 69.190769], [15.819812, 69.180296], [15.815205, 69.164359], [15.79408, 69.154174], [15.729569, 69.137474], [15.676806, 69.136542], [15.665698, 69.128488], [15.616697, 69.121931], [15.615683, 69.115593], [15.606165, 69.109243], [15.565665, 69.10205], [15.562629, 69.099092], [15.56938, 69.094596], [15.556442, 69.085464], [15.565704, 69.079443], [15.5422, 69.068673], [15.516105, 69.046328], [15.515699, 69.041654]]}, "properties": {"name": "015: Andenes – Bø (Developed + Signed)", "source_file": "eurovelo-1.gpx", "point_count": 391, "distance_km": 48.0, "elevation_gain_m": 272.8, "elevation_loss_m": 265.9}}, {"type": "Feature", "geometry": {"type": "LineString", "coordinates": [[15.515504, 69.042384], [15.52895, 69.032677], [15.51522, 69.022734], [15.51278, 69.015489], [15.517502, 69.011578], [15.586864, 69.00751], [15.633146, 68.999955], [15.652148, 68.985858], [15.641328, 68.981879], [15.626882, 68.968877], [15.658477, 68.958644], [15.664463, 68.953753], [15.646836, 68.948254], [15.614658, 68.915759], [15.612875, 68.896441], [15.623438, 68.890788], [15.623729, 68.88642], [15.595439, 68.883787], [15.582273, 68.889289], [15.575865, 68.888305], [15.556073, 68.862135], [15.561387, 68.856445], [15.602695, 68.839347], [15.665701, 68.831603], [15.682073, 68.826157], [15.685653, 68.819167], [15.663415, 68.812162], [15.56763, 68.819767], [15.543572, 68.813278], [15.544533, 68.802807], [15.491792, 68.787278], [15.481735, 68.775027], [15.462398, 68.764953], [15.46778, 68.758346], [15.466326, 68.754651], [15.502349, 68.747988], [15.518266, 68.741383], [15.523786, 68.722578], [15.507608, 68.720857], [15.476668, 68.725151], [15.441346, 68.716489], [15.441892, 68.70659], [15.415518, 68.706232]]}, "properties": {"name": "016: Bø – Sortland (Developed + Signed)", "source_file": "eurovelo-1.gpx", "point_count": 386, "distance_km": 61.54, "elevation_gain_m": 297.4, "elevation_loss_m": 303.7}}, {"type": "Feature", "geometry": {"type": "LineString", "coordinates": [[15.416041, 68.706313], [15.412398, 68.705992], [15.414245, 68.700122], [15.409399, 68.687974], [15.376872, 68.670682], [15.339224, 68.657166], [15.245611, 68.635469], [15.209618, 68.63313], [15.162831, 68.616374], [15.129089, 68.614337], [15.075159, 68.597132], [15.049465, 68.584504], [15.005206, 68.583332], [14.989206, 68.570072], [14.931402, 68.572034], [14.914124, 68.565385], [14.911527, 68.569144], [14.903317, 68.569771], [14.844134, 68.567157], [14.814206, 68.575416], [14.725191, 68.575426], [14.685608, 68.585283], [14.643461, 68.574641], [14.618039, 68.562427], [14.618852, 68.557511], [14.624014, 68.553427], [14.666424, 68.539862], [14.674114, 68.533251], [14.701514, 68.527214], [14.723584, 68.516547], [14.72502, 68.511627], [14.747535, 68.503659], [14.770141, 68.500108], [14.800495, 68.501262], [14.798346, 68.499022], [14.801161, 68.498645]]}, "properties": {"name": "017: Sortland – Melbu (Developed + Signed)", "source_file": "eurovelo-1.gpx", "point_count": 595, "distance_km": 55.07, "elevation_gain_m": 383.0, "elevation_loss_m": 383.0}}, {"type": "Feature", "geometry": {"type": "LineString", "coordinates": [[14.824385, 68.43091], [14.819869, 68.429098], [14.730984, 68.4351], [14.716396, 68.430802], [14.705107, 68.42166], [14.707826, 68.407631], [14.705946, 68.405053], [14.72159, 68.390185], [14.71214, 68.386294], [14.69878, 68.388106], [14.673309, 68.403606], [14.679084, 68.413824], [14.667045, 68.427764], [14.624091, 68.433016], [14.550953, 68.416906], [14.551371, 68.413417], [14.581895, 68.402132], [14.583647, 68.400202], [14.581315, 68.398853], [14.568759, 68.398686], [14.557759, 68.394456], [14.537227, 68.395836], [14.514374, 68.403053], [14.481418, 68.393537], [14.466273, 68.393247], [14.46107, 68.384361], [14.462532, 68.366645], [14.478497, 68.361857], [14.494418, 68.351087], [14.495217, 68.346399], [14.485348, 68.340041], [14.510544, 68.331447], [14.510057, 68.325856], [14.574836, 68.31302], [14.598665, 68.317637], [14.644641, 68.320374], [14.651624, 68.326435], [14.696771, 68.32427], [14.700573, 68.319629], [14.714456, 68.3157], [14.710045, 68.311652], [14.70646, 68.300277], [14.698405, 68.294997], [14.694533, 68.287901], [14.65986, 68.283358], [14.662918, 68.277522], [14.656913, 68.274463], [14.659719, 68.265929], [14.657258, 68.258874], [14.663131, 68.250732], [14.658972, 68.246686], [14.635748, 68.243589], [14.632131, 68.245881], [14.577905, 68.243151], [14.561291, 68.235864]]}, "properties": {"name": "018: Fiskebøl – Svolvær (Developed + Signed)", "source_file": "eurovelo-1.gpx", "point_count": 545, "distance_km": 62.84, "elevation_gain_m": 487.0, "elevation_loss_m": 476.9}}, {"type": "Feature", "geometry": {"type": "LineString", "coordinates": [[14.561291, 68.235864], [14.536766, 68.23463], [14.526291, 68.225374], [14.483457, 68.216265], [14.47724, 68.211889], [14.436407, 68.215192], [14.354823, 68.211311], [14.317684, 68.215119], [14.28208, 68.206673], [14.223625, 68.206082], [14.222046, 68.211362], [14.214441, 68.21612], [14.224352, 68.229097], [14.252842, 68.239131], [14.281382, 68.240988], [14.275024, 68.259597], [14.243092, 68.263215], [14.202701, 68.257191], [14.176108, 68.265602], [14.151646, 68.268569], [14.164048, 68.259004], [14.151221, 68.249104], [14.122127, 68.24284], [14.112219, 68.233869], [14.07743, 68.227547], [14.071444, 68.221919], [14.055994, 68.215605], [14.053785, 68.209103], [14.036503, 68.202708], [14.035815, 68.195603], [14.020994, 68.191751], [14.007474, 68.192329], [13.996294, 68.197264], [13.993744, 68.201543], [13.979756, 68.201769], [13.938823, 68.194545], [13.926552, 68.184057], [13.902526, 68.183233], [13.893716, 68.184552], [13.892045, 68.187747], [13.898577, 68.201564], [13.887042, 68.205668], [13.880826, 68.203703], [13.88506, 68.199855], [13.881939, 68.196515], [13.860711, 68.189988], [13.86032, 68.184357], [13.85303, 68.182329], [13.842972, 68.168364], [13.788214, 68.164272], [13.782062, 68.161334], [13.783506, 68.158209], [13.779774, 68.156009], [13.693582, 68.157714], [13.645873, 68.144205], [13.627382, 68.143839], [13.611386, 68.147337]]}, "properties": {"name": "019: Svolvær – Leknes (Developed + Signed)", "source_file": "eurovelo-1.gpx", "point_count": 676, "distance_km": 68.17, "elevation_gain_m": 841.8, "elevation_loss_m": 842.0}}, {"type": "Feature", "geometry": {"type": "LineString", "coordinates": [[13.611386, 68.147337], [13.560535, 68.136301], [13.54843, 68.142635], [13.542529, 68.150641], [13.521864, 68.15659], [13.499662, 68.147996], [13.473357, 68.149784], [13.456045, 68.144383], [13.455146, 68.139037], [13.44734, 68.135096], [13.387748, 68.129298], [13.377612, 68.124372], [13.347009, 68.118432], [13.341442, 68.10998], [13.344276, 68.102459], [13.336963, 68.093259], [13.346837, 68.076227], [13.341681, 68.072187], [13.293894, 68.079864], [13.292611, 68.083803], [13.307985, 68.087014], [13.321981, 68.10108], [13.276031, 68.104244], [13.247731, 68.100825], [13.244136, 68.095696], [13.228552, 68.087603], [13.23928, 68.073831], [13.199861, 68.073574], [13.195073, 68.064609], [13.17139, 68.045093], [13.17161, 68.038232], [13.179599, 68.03196], [13.17722, 68.028656], [13.184945, 68.02109], [13.16703, 68.010618], [13.176283, 68.004707], [13.175131, 67.999498], [13.166619, 67.99154], [13.185385, 67.975609], [13.168435, 67.965224], [13.145237, 67.959327], [13.137037, 67.951147], [13.136479, 67.945769], [13.123633, 67.944968], [13.117758, 67.941238], [13.101086, 67.942628], [13.073843, 67.938676], [13.074561, 67.932373], [13.08347, 67.928031], [13.078406, 67.922339], [13.081793, 67.917747], [13.08038, 67.914915], [13.050461, 67.907305], [13.041556, 67.90233], [13.046472, 67.901033], [13.043785, 67.899831]]}, "properties": {"name": "020: Leknes – Moskenes (Developed + Signed)", "source_file": "eurovelo-1.gpx", "point_count": 608, "distance_km": 59.17, "elevation_gain_m": 707.7, "elevation_loss_m": 717.6}}, {"type": "Feature", "geometry": {"type": "LineString", "coordinates": [[14.393689, 67.288357], [14.389265, 67.286117], [14.408167, 67.284545], [14.442526, 67.275101], [14.502338, 67.276889], [14.673281, 67.294961], [14.712706, 67.304889], [14.733983, 67.30358], [14.738321, 67.300499], [14.728967, 67.297199], [14.726171, 67.290721], [14.733888, 67.282746], [14.724553, 67.279511], [14.730199, 67.275692], [14.725538, 67.273364], [14.735825, 67.269863], [14.738005, 67.264608], [14.713561, 67.25549], [14.70612, 67.249731], [14.721253, 67.243663], [14.704297, 67.23754], [14.649742, 67.236735], [14.620831, 67.233143]]}, "properties": {"name": "021: Bodø – Saltstraumen (Developed + Signed)", "source_file": "eurovelo-1.gpx", "point_count": 373, "distance_km": 30.13, "elevation_gain_m": 290.9, "elevation_loss_m": 274.3}}, {"type": "Feature", "geometry": {"type": "LineString", "coordinates": [[14.620831, 67.233143], [14.604007, 67.228083], [14.625836, 67.215374], [14.606855, 67.207192], [14.634143, 67.199709], [14.6284, 67.196517], [14.605808, 67.195249], [14.599351, 67.180853], [14.570362, 67.17775], [14.495129, 67.183141], [14.465837, 67.18012], [14.44897, 67.171846], [14.447669, 67.16622], [14.423213, 67.16198], [14.407336, 67.155058], [14.402845, 67.147903], [14.387556, 67.14378], [14.352177, 67.126506], [14.320318, 67.119762], [14.316626, 67.114022], [14.31929, 67.106323], [14.309313, 67.102645], [14.309413, 67.095102], [14.314127, 67.085498], [14.328102, 67.081844], [14.275823, 67.077067], [14.257267, 67.070919], [14.263182, 67.065175], [14.262781, 67.060263], [14.277096, 67.0555], [14.269051, 67.036158], [14.261782, 67.032556], [14.241496, 67.01085], [14.231227, 67.006986], [14.24135, 67.001186], [14.239194, 66.998212], [14.217913, 66.992001], [14.173195, 66.990967], [14.153555, 66.975854], [14.14588, 66.978773], [14.146035, 66.98338], [14.125514, 66.992515], [14.087687, 66.991379], [14.068736, 66.984492], [14.058577, 66.987556], [14.04277, 66.985885], [14.032756, 66.979542], [14.018724, 66.975954], [14.01396, 66.961858], [13.999712, 66.963996], [13.962395, 66.959507], [13.945411, 66.95224], [13.916443, 66.94635], [13.90546, 66.947347], [13.894008, 66.953758], [13.804104, 66.959632]]}, "properties": {"name": "022: Saltstraumen – Storvik (Developed + Signed)", "source_file": "eurovelo-1.gpx", "point_count": 654, "distance_km": 67.58, "elevation_gain_m": 1535.3, "elevation_loss_m": 1522.3}}, {"type": "Feature", "geometry": {"type": "LineString", "coordinates": [[13.804104, 66.959632], [13.733884, 66.945279], [13.610888, 66.951577], [13.591756, 66.944261], [13.620981, 66.924357], [13.621726, 66.918579], [13.647024, 66.903448], [13.656258, 66.883655], [13.701954, 66.875918], [13.707234, 66.871965], [13.703971, 66.867471]]}, "properties": {"name": "023: Storvik – Ørnes (Developed + Signed)", "source_file": "eurovelo-1.gpx", "point_count": 182, "distance_km": 21.22, "elevation_gain_m": 109.5, "elevation_loss_m": 139.1}}, {"type": "Feature", "geometry": {"type": "LineString", "coordinates": [[13.588703, 66.806685], [13.533401, 66.800916], [13.511779, 66.80189], [13.503214, 66.796042], [13.506329, 66.789294], [13.530009, 66.784854], [13.536006, 66.776308], [13.548307, 66.772396], [13.545593, 66.769345], [13.620912, 66.771646], [13.706102, 66.761431], [13.759195, 66.759302], [13.761714, 66.756901], [13.745982, 66.753028], [13.670677, 66.756207], [13.639051, 66.754557], [13.604142, 66.751882], [13.581966, 66.74458], [13.513745, 66.738567]]}, "properties": {"name": "024: Vassdalsvik – Forøy (Developed + Signed)", "source_file": "eurovelo-1.gpx", "point_count": 240, "distance_km": 30.22, "elevation_gain_m": 312.3, "elevation_loss_m": 313.1}}, {"type": "Feature", "geometry": {"type": "LineString", "coordinates": [[13.476029, 66.720433], [13.465732, 66.713877], [13.466418, 66.707316], [13.470846, 66.70452], [13.465449, 66.698151], [13.468822, 66.691228], [13.466691, 66.684856], [13.46149, 66.682508], [13.46385, 66.678768], [13.53205, 66.671283], [13.539024, 66.667313], [13.545369, 66.657133], [13.567353, 66.648173], [13.550121, 66.644566], [13.526129, 66.645531], [13.521269, 66.641275], [13.457172, 66.621919], [13.410809, 66.628277], [13.401595, 66.63357], [13.388934, 66.635516], [13.37607, 66.632349], [13.327498, 66.633195], [13.323852, 66.630669], [13.327096, 66.624471], [13.313867, 66.620062], [13.29461, 66.620596], [13.28515, 66.624269]]}, "properties": {"name": "025: Ågskardet – Jektvik (Developed + Signed)", "source_file": "eurovelo-1.gpx", "point_count": 325, "distance_km": 27.9, "elevation_gain_m": 529.0, "elevation_loss_m": 523.0}}, {"type": "Feature", "geometry": {"type": "LineString", "coordinates": [[13.227665, 66.489158], [13.226004, 66.487351], [13.234616, 66.488175], [13.243837, 66.482988], [13.227759, 66.462816], [13.207527, 66.45829], [13.202775, 66.453543], [13.160392, 66.448123], [13.149075, 66.443787], [13.154997, 66.439335], [13.142128, 66.429381], [13.158461, 66.411494], [13.160487, 66.407111], [13.15697, 66.401737], [13.133457, 66.397649], [13.119974, 66.388685], [13.102904, 66.385312], [13.091386, 66.379284], [13.004408, 66.356937], [13.001764, 66.355155], [13.001948, 66.345282], [13.007819, 66.33983], [13.070039, 66.318725], [13.083371, 66.318171], [13.126723, 66.325687], [13.144129, 66.333224], [13.15257, 66.333188], [13.163796, 66.328524], [13.163284, 66.323102], [13.207953, 66.305601], [13.240098, 66.307594], [13.32336, 66.32109], [13.356994, 66.328889], [13.368803, 66.336289], [13.405074, 66.336838], [13.430422, 66.349774], [13.465505, 66.342891], [13.491702, 66.347291], [13.497289, 66.339596], [13.498267, 66.321851], [13.521679, 66.319678], [13.56702, 66.305211], [13.554933, 66.303372], [13.549637, 66.295898]]}, "properties": {"name": "026: Kilboghavn – Utskarpen (Developed + Signed)", "source_file": "eurovelo-1.gpx", "point_count": 585, "distance_km": 59.77, "elevation_gain_m": 1114.2, "elevation_loss_m": 1097.7}}, {"type": "Feature", "geometry": {"type": "LineString", "coordinates": [[13.549637, 66.295898], [13.499507, 66.304158], [13.455331, 66.299759], [13.445065, 66.295045], [13.429772, 66.295138], [13.424805, 66.298857], [13.412039, 66.300079], [13.31344, 66.291591], [13.270107, 66.280865], [13.245816, 66.278578], [13.249408, 66.277304], [13.249037, 66.27435], [13.233945, 66.275531], [13.223728, 66.271004], [13.205985, 66.272582], [13.154976, 66.25023], [13.108388, 66.235103], [13.090805, 66.224978], [13.058316, 66.214876], [13.034306, 66.200922], [13.010227, 66.200938]]}, "properties": {"name": "027: Utskarpen – Nesna (Developed + Signed)", "source_file": "eurovelo-1.gpx", "point_count": 310, "distance_km": 30.89, "elevation_gain_m": 465.8, "elevation_loss_m": 482.4}}, {"type": "Feature", "geometry": {"type": "LineString", "coordinates": [[13.078972, 66.153225], [13.101894, 66.153831], [13.080177, 66.138709], [13.066611, 66.135732], [13.063645, 66.118828], [13.076744, 66.113282], [13.056213, 66.091373], [13.038691, 66.08045], [12.945515, 66.064069], [12.868112, 66.068371], [12.784626, 66.059289], [12.736258, 66.049984], [12.718361, 66.042762], [12.721578, 66.033458], [12.696967, 66.028957], [12.693067, 66.025025], [12.654865, 66.017067], [12.632049, 66.017898]]}, "properties": {"name": "028: Levang – Sandnessjøen (Developed + Signed)", "source_file": "eurovelo-1.gpx", "point_count": 240, "distance_km": 32.36, "elevation_gain_m": 386.0, "elevation_loss_m": 384.5}}, {"type": "Feature", "geometry": {"type": "LineString", "coordinates": [[12.632049, 66.017898], [12.511342, 65.969561], [12.480468, 65.962408], [12.458614, 65.94345], [12.464838, 65.935424], [12.463794, 65.927927], [12.453063, 65.921515], [12.43696, 65.918443], [12.405999, 65.90207], [12.403275, 65.897992], [12.412216, 65.890892], [12.441177, 65.897919], [12.460904, 65.896732], [12.494059, 65.901459], [12.521603, 65.902625], [12.5362, 65.897576], [12.501646, 65.878541], [12.460588, 65.869129], [12.395931, 65.84589], [12.394151, 65.842069], [12.39658, 65.836731], [12.40432, 65.830129], [12.430203, 65.821739]]}, "properties": {"name": "029: Sandnessjøen – Tjøtta (Developed + Signed)", "source_file": "eurovelo-1.gpx", "point_count": 298, "distance_km": 37.59, "elevation_gain_m": 300.8, "elevation_loss_m": 302.4}}, {"type": "Feature", "geometry": {"type": "LineString", "coordinates": [[12.458975, 65.712476], [12.409665, 65.677635], [12.408321, 65.672388], [12.383036, 65.653513], [12.369053, 65.628671], [12.365642, 65.606134], [12.371607, 65.598306], [12.372485, 65.586195], [12.376082, 65.581927], [12.391939, 65.57816]]}, "properties": {"name": "030: Vevelstad – Andalsvågen (Developed + Signed)", "source_file": "eurovelo-1.gpx", "point_count": 124, "distance_km": 16.76, "elevation_gain_m": 73.5, "elevation_loss_m": 73.6}}, {"type": "Feature", "geometry": {"type": "LineString", "coordinates": [[12.302198, 65.583214], [12.30029, 65.579145], [12.307322, 65.570398], [12.304244, 65.56739], [12.306431, 65.563521], [12.293283, 65.554947], [12.274146, 65.548331], [12.268115, 65.531721], [12.268862, 65.526505], [12.275272, 65.51999], [12.264352, 65.505753], [12.248523, 65.495819], [12.268298, 65.492824], [12.303571, 65.505441], [12.347668, 65.49748], [12.337394, 65.478346], [12.351339, 65.474348], [12.355145, 65.46754], [12.304578, 65.44328], [12.2315, 65.42729], [12.187105, 65.406883], [12.175288, 65.390797], [12.184724, 65.383821], [12.203482, 65.377801], [12.196985, 65.368172], [12.211474, 65.359668], [12.21439, 65.35473], [12.225678, 65.351044], [12.226485, 65.347942], [12.212623, 65.339789], [12.196869, 65.340777], [12.17837, 65.328459], [12.149431, 65.281483], [12.144937, 65.263349], [12.137223, 65.256578], [12.122868, 65.251507], [12.120841, 65.242379], [12.076821, 65.230452], [12.064045, 65.222305], [12.04071, 65.216132]]}, "properties": {"name": "031: Horn – Vennesund (Developed + Signed)", "source_file": "eurovelo-1.gpx", "point_count": 437, "distance_km": 57.89, "elevation_gain_m": 392.7, "elevation_loss_m": 392.7}}, {"type": "Feature", "geometry": {"type": "LineString", "coordinates": [[12.113201, 65.182665], [12.120781, 65.184485], [12.12434, 65.182323], [12.115531, 65.173063], [12.121188, 65.157388], [12.11556, 65.149649], [12.117997, 65.141959], [12.116895, 65.125115], [12.156624, 65.128533], [12.169412, 65.121263], [12.141406, 65.121947], [12.090333, 65.106329], [12.092402, 65.100549], [12.083054, 65.088618], [12.091416, 65.077134], [12.040782, 65.075793], [12.032412, 65.084902], [12.017337, 65.087275], [11.954601, 65.074701], [11.950186, 65.070341], [11.954375, 65.063509], [11.951668, 65.059558], [11.922512, 65.056543], [11.893726, 65.046483], [11.837113, 65.018642], [11.806704, 65.010391], [11.7974, 65.004081], [11.798921, 64.997329], [11.793882, 64.99267], [11.758552, 64.984654], [11.772012, 64.980018], [11.7966, 64.982467], [11.800036, 64.9806], [11.798103, 64.974564], [11.810008, 64.968027], [11.786471, 64.961346], [11.78034, 64.955576], [11.782945, 64.95324], [11.767938, 64.945493], [11.766118, 64.93565], [11.723482, 64.922218], [11.699139, 64.908973], [11.735612, 64.907714], [11.679063, 64.8945], [11.658142, 64.877378], [11.64134, 64.878414], [11.601715, 64.865138], [11.587773, 64.867714], [11.569669, 64.864962], [11.539043, 64.854023], [11.531976, 64.848553], [11.51728, 64.84643], [11.515371, 64.843398], [11.518768, 64.840331], [11.496618, 64.823587], [11.53144, 64.818654], [11.612655, 64.827438]]}, "properties": {"name": "032: Holm – Hofles (Developed + Signed)", "source_file": "eurovelo-1.gpx", "point_count": 791, "distance_km": 79.13, "elevation_gain_m": 1231.4, "elevation_loss_m": 1231.4}}, {"type": "Feature", "geometry": {"type": "LineString", "coordinates": [[11.624629, 64.768788], [11.580906, 64.757373], [11.565277, 64.748969], [11.547939, 64.752561], [11.542179, 64.747118], [11.54158, 64.741151], [11.524411, 64.734908], [11.525279, 64.731395], [11.520334, 64.728643], [11.48241, 64.720525], [11.460067, 64.708386], [11.441573, 64.704373], [11.452518, 64.695976], [11.432064, 64.686429], [11.437209, 64.678083], [11.434183, 64.673553], [11.442838, 64.670749], [11.448317, 64.660088], [11.444847, 64.650481], [11.448339, 64.637998], [11.462388, 64.6282], [11.465066, 64.620045], [11.45378, 64.615541], [11.432942, 64.620746], [11.428917, 64.618847], [11.429126, 64.611978], [11.423908, 64.608159], [11.435454, 64.601735], [11.438861, 64.595016], [11.465017, 64.587501], [11.460382, 64.572817], [11.460183, 64.551709], [11.477457, 64.550324], [11.502491, 64.562617], [11.517844, 64.559329], [11.528141, 64.550519], [11.539283, 64.546001], [11.541846, 64.53667], [11.539292, 64.523072], [11.536098, 64.521261], [11.538303, 64.518172], [11.511178, 64.512995], [11.489891, 64.515901], [11.484601, 64.513311], [11.487649, 64.508106], [11.47069, 64.501526], [11.469352, 64.491288], [11.480153, 64.484791], [11.467885, 64.476864], [11.466632, 64.473083], [11.496394, 64.46751], [11.508913, 64.468489]]}, "properties": {"name": "033: Lund – Namsos (Developed + Signed)", "source_file": "eurovelo-1.gpx", "point_count": 704, "distance_km": 54.32, "elevation_gain_m": 988.0, "elevation_loss_m": 983.1}}, {"type": "Feature", "geometry": {"type": "LineString", "coordinates": [[11.508913, 64.468489], [11.528848, 64.456587], [11.521604, 64.452895], [11.523694, 64.448547], [11.52119, 64.442967], [11.489331, 64.42851], [11.489578, 64.417011], [11.483232, 64.41226], [11.466753, 64.4057], [11.409277, 64.3997], [11.40262, 64.395002], [11.398922, 64.3844], [11.392713, 64.380667], [11.378264, 64.37967], [11.343926, 64.364525], [11.319266, 64.365448], [11.297343, 64.3564], [11.287544, 64.341631], [11.251724, 64.334647], [11.248676, 64.326669], [11.236105, 64.315695], [11.19945, 64.29309], [11.194355, 64.285616], [11.192965, 64.273084], [11.197843, 64.261329]]}, "properties": {"name": "034: Namsos – Fossli (Developed + Signed)", "source_file": "eurovelo-1.gpx", "point_count": 339, "distance_km": 32.97, "elevation_gain_m": 337.5, "elevation_loss_m": 334.7}}, {"type": "Feature", "geometry": {"type": "LineString", "coordinates": [[11.197843, 64.261329], [11.201865, 64.253506], [11.208931, 64.250904], [11.213264, 64.228947], [11.224073, 64.220791], [11.216045, 64.216617], [11.215034, 64.200548], [11.216858, 64.196021], [11.227448, 64.189119], [11.22583, 64.185231], [11.21846, 64.182397], [11.222175, 64.17691], [11.247323, 64.172389], [11.26905, 64.159861], [11.286347, 64.138712], [11.317695, 64.124931], [11.32067, 64.115392], [11.318427, 64.112417], [11.358768, 64.113551], [11.364705, 64.109641], [11.383824, 64.112416], [11.393515, 64.109423], [11.383195, 64.099116], [11.37182, 64.099591], [11.330305, 64.086085], [11.312453, 64.070796], [11.312131, 64.059714], [11.303797, 64.047016], [11.304957, 64.040913], [11.335934, 64.042885], [11.351596, 64.03825], [11.363357, 64.039989], [11.374141, 64.037085], [11.372469, 64.03282], [11.395038, 64.030416], [11.398281, 64.02692], [11.415672, 64.030785], [11.444314, 64.028356], [11.452675, 64.014094], [11.462496, 64.011149], [11.465026, 64.01142], [11.463386, 64.015528], [11.468959, 64.017962], [11.480528, 64.015511], [11.487512, 64.019122], [11.495229, 64.017175]]}, "properties": {"name": "035: Fossli – Steinkjer (Developed + Signed)", "source_file": "eurovelo-1.gpx", "point_count": 589, "distance_km": 47.66, "elevation_gain_m": 502.7, "elevation_loss_m": 509.0}}, {"type": "Feature", "geometry": {"type": "LineString", "coordinates": [[11.495229, 64.017175], [11.502004, 64.006172], [11.475705, 63.999932], [11.428492, 63.98101], [11.417674, 63.968961], [11.372024, 63.966327], [11.348711, 63.95915], [11.334426, 63.958157], [11.324368, 63.941844], [11.307191, 63.92807], [11.308904, 63.915863], [11.304492, 63.893749], [11.286129, 63.883111], [11.2909, 63.87415], [11.233905, 63.87394], [11.205401, 63.864962], [11.172913, 63.864879], [11.140005, 63.858924], [11.128344, 63.8521], [11.105754, 63.847437], [11.100762, 63.850587], [11.097199, 63.847843]]}, "properties": {"name": "036: Steinkjer – Vang (Developed + Signed)", "source_file": "eurovelo-1.gpx", "point_count": 390, "distance_km": 33.39, "elevation_gain_m": 430.2, "elevation_loss_m": 351.6}}, {"type": "Feature", "geometry": {"type": "LineString", "coordinates": [[11.097199, 63.847843], [11.067583, 63.84138], [11.044118, 63.82716], [11.026021, 63.82292], [10.991557, 63.820981], [10.979198, 63.824384], [10.971161, 63.831117], [10.949551, 63.830393], [10.931638, 63.825596], [10.846453, 63.814726], [10.821191, 63.803931], [10.79501, 63.803212], [10.736041, 63.792338], [10.710005, 63.78305], [10.615905, 63.765839], [10.596963, 63.756344], [10.608328, 63.747877], [10.621252, 63.746494], [10.644601, 63.737335], [10.635078, 63.734658], [10.634168, 63.729601], [10.621049, 63.723139], [10.638746, 63.713966], [10.637517, 63.707831], [10.644261, 63.706533], [10.628295, 63.699965], [10.627637, 63.687704], [10.62505, 63.68749], [10.631618, 63.685574], [10.626889, 63.683621], [10.638749, 63.677135], [10.607385, 63.667431], [10.608347, 63.651535], [10.604445, 63.647054], [10.565434, 63.62887], [10.532629, 63.623717], [10.485836, 63.604459], [10.459638, 63.600446], [10.457974, 63.596493], [10.429649, 63.59107], [10.416835, 63.581292], [10.41975, 63.572381], [10.413449, 63.570092], [10.368651, 63.575923], [10.352508, 63.57384], [10.336198, 63.565219], [10.306874, 63.556243], [10.243198, 63.557305], [10.223252, 63.553269]]}, "properties": {"name": "037: Vang – Vanvikan (Developed + Signed)", "source_file": "eurovelo-1.gpx", "point_count": 781, "distance_km": 71.09, "elevation_gain_m": 1379.8, "elevation_loss_m": 1457.3}}, {"type": "Feature", "geometry": {"type": "LineString", "coordinates": [[10.396876, 63.438408], [10.392763, 63.435312], [10.400015, 63.435912], [10.400104, 63.428409], [10.402952, 63.428064], [10.392954, 63.427467], [10.394161, 63.422665], [10.399142, 63.422007], [10.397478, 63.41861], [10.400898, 63.412759], [10.397623, 63.412593], [10.394623, 63.401332], [10.370658, 63.383027], [10.36473, 63.374881], [10.3688, 63.372181], [10.366556, 63.367191], [10.353469, 63.347074], [10.338482, 63.340757], [10.340035, 63.338883], [10.332363, 63.332232], [10.318409, 63.324953], [10.262598, 63.322237], [10.216681, 63.324386], [10.195221, 63.321115], [10.19171, 63.315283], [10.167758, 63.31047], [10.149785, 63.318276], [10.106794, 63.328111], [10.071023, 63.325247], [10.06788, 63.333396], [10.047196, 63.345238], [9.990423, 63.345264], [9.970071, 63.348708], [9.897286, 63.326092], [9.849414, 63.305354]]}, "properties": {"name": "038: Trondheim – Orkanger (Partially Developed + Not Signed)", "source_file": "eurovelo-1.gpx", "point_count": 655, "distance_km": 46.22, "elevation_gain_m": 433.3, "elevation_loss_m": 423.4}}, {"type": "Feature", "geometry": {"type": "LineString", "coordinates": [[9.849414, 63.305354], [9.846996, 63.29688], [9.828223, 63.29784], [9.82766, 63.292215], [9.813749, 63.286473], [9.809195, 63.280396], [9.78667, 63.282789], [9.767321, 63.277984], [9.721906, 63.275481], [9.707306, 63.28536], [9.69563, 63.287017], [9.643852, 63.276338], [9.63945, 63.277304], [9.648028, 63.282868], [9.610316, 63.289809], [9.586981, 63.304395], [9.52875, 63.321451], [9.517533, 63.315737], [9.471725, 63.30888], [9.437202, 63.308388], [9.432816, 63.309927], [9.437199, 63.313799], [9.43289, 63.316195], [9.43541, 63.326345], [9.42423, 63.340128], [9.393222, 63.354627], [9.313367, 63.355789], [9.300103, 63.360885], [9.286874, 63.358265], [9.283562, 63.353264], [9.260791, 63.346225], [9.250417, 63.348414], [9.242469, 63.343845], [9.246273, 63.339223], [9.239285, 63.33227], [9.231446, 63.331204], [9.217018, 63.337538], [9.191296, 63.332187], [9.18028, 63.324966], [9.132283, 63.309984], [9.13205, 63.301769], [9.113356, 63.291215], [9.096448, 63.286106], [9.088998, 63.290589]]}, "properties": {"name": "039: Orkanger – Kyrksæterøra (Partially Developed + Not Signed)", "source_file": "eurovelo-1.gpx", "point_count": 826, "distance_km": 57.22, "elevation_gain_m": 1156.7, "elevation_loss_m": 1165.8}}, {"type": "Feature", "geometry": {"type": "LineString", "coordinates": [[9.088998, 63.290589], [9.078801, 63.294463], [9.039275, 63.299413], [9.02081, 63.310775], [9.007169, 63.324927], [9.009473, 63.331046], [8.997032, 63.339751], [8.999588, 63.345252], [9.019622, 63.358565], [9.004319, 63.366971], [8.999816, 63.374923], [9.001344, 63.382043], [8.995634, 63.385621], [8.980308, 63.390074], [8.937632, 63.378983], [8.922046, 63.388005], [8.906667, 63.383225], [8.891226, 63.388864], [8.883355, 63.394215], [8.882114, 63.399674], [8.870142, 63.407426], [8.870945, 63.412298], [8.878288, 63.416406], [8.876928, 63.422232], [8.868277, 63.422812], [8.865305, 63.425833], [8.855928, 63.424253], [8.818108, 63.428148], [8.768627, 63.421921], [8.739303, 63.412644], [8.71736, 63.411009], [8.709102, 63.401088], [8.690876, 63.392252], [8.698741, 63.385745], [8.698739, 63.374133], [8.692818, 63.370097], [8.704235, 63.361873], [8.686237, 63.357007], [8.683996, 63.352952], [8.684149, 63.348534], [8.689229, 63.345291], [8.686843, 63.340936], [8.694238, 63.333963], [8.623587, 63.323772], [8.603086, 63.318609], [8.606352, 63.313952], [8.602155, 63.31115], [8.558198, 63.30608], [8.537056, 63.300538], [8.533986, 63.296799], [8.541335, 63.284633], [8.531126, 63.27915]]}, "properties": {"name": "040: Kyrksæterøra – Aure (Partially Developed + Not Signed)", "source_file": "eurovelo-1.gpx", "point_count": 740, "distance_km": 57.08, "elevation_gain_m": 1036.7, "elevation_loss_m": 977.3}}, {"type": "Feature", "geometry": {"type": "LineString", "coordinates": [[8.531126, 63.27915], [8.521109, 63.280238], [8.501653, 63.275314], [8.495566, 63.266969], [8.49876, 63.263074], [8.498444, 63.256348], [8.487488, 63.250869], [8.478815, 63.249994], [8.46321, 63.259921], [8.437824, 63.264487], [8.321829, 63.253822], [8.288288, 63.244934], [8.263973, 63.23195], [8.243462, 63.227014], [8.220269, 63.226654], [8.21191, 63.221076], [8.155, 63.206174], [8.147174, 63.206944], [8.138134, 63.213481], [8.140719, 63.218655], [8.134253, 63.219292], [8.130425, 63.224756], [8.112833, 63.225399], [8.039719, 63.206261], [8.033174, 63.207161], [8.029182, 63.202387], [7.9906, 63.194466], [7.97787, 63.187486], [7.966003, 63.185877], [7.935606, 63.174288], [7.936727, 63.168045], [7.945898, 63.165075], [7.956398, 63.155985], [7.95485, 63.153099]]}, "properties": {"name": "041: Aure – Tømmervåg (Partially Developed + Not Signed)", "source_file": "eurovelo-1.gpx", "point_count": 488, "distance_km": 42.63, "elevation_gain_m": 698.0, "elevation_loss_m": 758.0}}, {"type": "Feature", "geometry": {"type": "LineString", "coordinates": [[7.870283, 63.111829], [7.828137, 63.107111], [7.772079, 63.107675], [7.75757, 63.109468], [7.757815, 63.112272], [7.745199, 63.121079], [7.707489, 63.128671], [7.660135, 63.124174], [7.627225, 63.102807], [7.628433, 63.09727], [7.637874, 63.090469], [7.662059, 63.083385], [7.644083, 63.072464], [7.646217, 63.069485], [7.642369, 63.062283], [7.63146, 63.053961], [7.63394, 63.052334], [7.628598, 63.051474], [7.639429, 63.045101], [7.666596, 63.045104], [7.671071, 63.038518], [7.670443, 63.030459], [7.666202, 63.026328], [7.669181, 63.023212], [7.676673, 63.021128], [7.6825, 63.015294], [7.70259, 63.015511], [7.712535, 63.007717], [7.722735, 63.004741], [7.708316, 62.993549], [7.637246, 62.975677], [7.587195, 62.958091], [7.551594, 62.953109], [7.486109, 62.957362], [7.433, 62.971707], [7.38232, 62.974272], [7.368483, 62.976423], [7.365541, 62.979907], [7.370147, 62.9886], [7.393431, 62.993173], [7.40054, 62.999068], [7.431259, 63.009192], [7.421723, 63.012257]]}, "properties": {"name": "042: Seivika – Kårvåg (Developed + Signed)", "source_file": "eurovelo-1.gpx", "point_count": 597, "distance_km": 58.87, "elevation_gain_m": 706.5, "elevation_loss_m": 706.9}}, {"type": "Feature", "geometry": {"type": "LineString", "coordinates": [[7.421723, 63.012257], [7.400291, 63.013989], [7.376836, 63.022206], [7.29344, 63.005975], [7.225164, 62.997774], [7.210544, 62.98839], [7.193348, 62.991456], [7.171132, 62.989731], [7.160024, 62.982707], [7.161287, 62.973929], [7.143586, 62.978874], [7.119659, 62.979533], [7.109414, 62.974052], [7.105891, 62.966864], [7.100933, 62.964211], [7.111886, 62.958215], [7.093948, 62.953972], [7.077933, 62.965209], [7.055587, 62.963637], [7.040811, 62.956019], [7.033816, 62.948772], [7.000194, 62.940807], [6.981552, 62.931093], [6.946548, 62.92173], [6.914123, 62.907207], [6.95971, 62.902578], [6.976196, 62.897536], [6.983318, 62.891362], [6.970429, 62.884068], [6.973756, 62.879503], [7.011995, 62.87209], [7.014765, 62.855052], [7.028381, 62.843502], [7.040317, 62.84009], [7.067664, 62.841387], [7.084303, 62.84672], [7.13523, 62.854235], [7.155035, 62.853524]]}, "properties": {"name": "043: Kårvåg – Elnesvågen (Developed + Signed)", "source_file": "eurovelo-1.gpx", "point_count": 511, "distance_km": 54.06, "elevation_gain_m": 273.6, "elevation_loss_m": 240.9}}, {"type": "Feature", "geometry": {"type": "LineString", "coordinates": [[7.155035, 62.853524], [7.192943, 62.855717], [7.219564, 62.849618], [7.236882, 62.837783], [7.234495, 62.832283], [7.237034, 62.819136], [7.245835, 62.812606], [7.246787, 62.806741], [7.23738, 62.80257], [7.219481, 62.806042], [7.171746, 62.80343], [7.15736, 62.807958], [7.148544, 62.817892], [7.102933, 62.812683], [7.098842, 62.817885], [7.083362, 62.814647], [7.063315, 62.817814], [7.024941, 62.814222], [6.995446, 62.798738], [6.993431, 62.795588], [7.013794, 62.7868], [6.994389, 62.779347], [6.990132, 62.773713], [7.001002, 62.758258], [6.994006, 62.752033], [6.996281, 62.746062], [6.984403, 62.732402], [7.007899, 62.732545], [7.012605, 62.729889], [6.985862, 62.728844]]}, "properties": {"name": "044: Elnesvågen – Mordalsvågen (Developed + Signed)", "source_file": "eurovelo-1.gpx", "point_count": 388, "distance_km": 36.65, "elevation_gain_m": 362.7, "elevation_loss_m": 394.6}}, {"type": "Feature", "geometry": {"type": "LineString", "coordinates": [[6.937515, 62.719415], [6.932225, 62.725853], [6.93431, 62.731411], [6.918363, 62.746156], [6.871656, 62.742452], [6.830768, 62.73265], [6.772837, 62.73054], [6.754413, 62.723715], [6.746956, 62.714999], [6.720338, 62.710901], [6.703761, 62.699821], [6.681065, 62.691685], [6.671728, 62.6835], [6.67866, 62.672681], [6.639793, 62.670003], [6.637069, 62.673442], [6.638725, 62.683464], [6.633985, 62.691595], [6.629628, 62.693089], [6.605219, 62.679797], [6.594923, 62.665929], [6.576665, 62.657652], [6.577723, 62.654401], [6.56113, 62.653114], [6.556257, 62.648118], [6.523074, 62.639725]]}, "properties": {"name": "045: Solholmen – Dryna (Developed + Signed)", "source_file": "eurovelo-1.gpx", "point_count": 337, "distance_km": 34.6, "elevation_gain_m": 508.5, "elevation_loss_m": 500.8}}, {"type": "Feature", "geometry": {"type": "LineString", "coordinates": [[6.448632, 62.607838], [6.441035, 62.604938], [6.437919, 62.60918], [6.426958, 62.610251], [6.383782, 62.603467], [6.335608, 62.611073], [6.31124, 62.598745], [6.267077, 62.585204], [6.265272, 62.582171], [6.27232, 62.576462], [6.274556, 62.567488], [6.279749, 62.561863], [6.273812, 62.558278], [6.274026, 62.554993], [6.279731, 62.546984], [6.290857, 62.542364], [6.273309, 62.533264], [6.26762, 62.534352]]}, "properties": {"name": "046: Brattvåg – Hamnsund (Developed + Signed)", "source_file": "eurovelo-1.gpx", "point_count": 282, "distance_km": 19.13, "elevation_gain_m": 174.3, "elevation_loss_m": 172.4}}, {"type": "Feature", "geometry": {"type": "LineString", "coordinates": [[6.154642, 62.474839], [6.155932, 62.471033], [6.189518, 62.469161], [6.228994, 62.472675], [6.265073, 62.463502], [6.264071, 62.46065], [6.303113, 62.464035], [6.347508, 62.460477], [6.355959, 62.458714], [6.353605, 62.454139], [6.357767, 62.453956], [6.354355, 62.450408], [6.3658, 62.444143], [6.355015, 62.430895], [6.31357, 62.427594], [6.293813, 62.422001], [6.270886, 62.421592], [6.262109, 62.416885], [6.257696, 62.410417], [6.236593, 62.402168], [6.197205, 62.396191], [6.164498, 62.395009]]}, "properties": {"name": "047: Ålesund – Sulesund (Partially Developed + Not Signed)", "source_file": "eurovelo-1.gpx", "point_count": 434, "distance_km": 28.09, "elevation_gain_m": 368.8, "elevation_loss_m": 369.3}}, {"type": "Feature", "geometry": {"type": "LineString", "coordinates": [[6.032576, 62.370458], [6.013137, 62.370097], [5.966285, 62.356175], [5.937994, 62.35253], [5.87934, 62.337713], [5.853743, 62.340817], [5.866407, 62.322332], [5.859337, 62.318051], [5.863555, 62.317204], [5.860083, 62.313507], [5.850015, 62.309711], [5.855808, 62.305094], [5.839779, 62.299797], [5.851229, 62.291155], [5.828014, 62.281216], [5.798575, 62.277876], [5.794533, 62.270623], [5.806886, 62.269627], [5.795289, 62.261759], [5.796838, 62.258511], [5.793001, 62.255316], [5.775978, 62.246619], [5.746378, 62.239309], [5.691942, 62.215663], [5.62305, 62.218655], [5.590309, 62.214641], [5.576837, 62.216422], [5.579522, 62.214125], [5.578564, 62.208604], [5.57124, 62.206924], [5.577489, 62.19867], [5.591027, 62.191579], [5.634734, 62.191383]]}, "properties": {"name": "048: Hareid – Årvika (Partially Developed + Not Signed)", "source_file": "eurovelo-1.gpx", "point_count": 543, "distance_km": 44.23, "elevation_gain_m": 934.3, "elevation_loss_m": 933.9}}, {"type": "Feature", "geometry": {"type": "LineString", "coordinates": [[5.643676, 62.169741], [5.67622, 62.137171], [5.669427, 62.109624], [5.646389, 62.102358], [5.58507, 62.097914], [5.573414, 62.094198], [5.576996, 62.087004], [5.606371, 62.081091], [5.619098, 62.075197], [5.624114, 62.066778], [5.620204, 62.057827], [5.622988, 62.053878], [5.618063, 62.049368], [5.604453, 62.050374], [5.592177, 62.068397], [5.569555, 62.066522], [5.543672, 62.074714], [5.526102, 62.074488], [5.523328, 62.068601], [5.524579, 62.057879], [5.530309, 62.047088], [5.527867, 62.039039]]}, "properties": {"name": "049: Koparnes – Åheim (Partially Developed + Not Signed)", "source_file": "eurovelo-1.gpx", "point_count": 274, "distance_km": 30.17, "elevation_gain_m": 364.8, "elevation_loss_m": 349.2}}, {"type": "Feature", "geometry": {"type": "LineString", "coordinates": [[5.527867, 62.039039], [5.531172, 62.036307], [5.527572, 62.033843], [5.516262, 62.033848], [5.494272, 62.021529], [5.492243, 62.012831], [5.48233, 62.005992], [5.460059, 62.001787], [5.450288, 62.005756], [5.468298, 62.014429], [5.454063, 62.012186], [5.452119, 62.016584], [5.440073, 62.01764], [5.422568, 62.025947], [5.428944, 62.02014], [5.41605, 62.010886], [5.403993, 62.0137], [5.387351, 62.023886], [5.340236, 62.019805], [5.330839, 62.001913], [5.335895, 61.995317], [5.319302, 61.989672], [5.31576, 61.97629], [5.311686, 61.976202], [5.296189, 61.986996], [5.27583, 61.978833], [5.301716, 61.965106], [5.300002, 61.961295], [5.303917, 61.958081], [5.290132, 61.949536], [5.269147, 61.958882], [5.248776, 61.978166], [5.24351, 61.978981], [5.231233, 61.97384], [5.208332, 61.973893], [5.204521, 61.968921], [5.208046, 61.964368], [5.208425, 61.9525], [5.222499, 61.948462], [5.229269, 61.935475], [5.228996, 61.927389], [5.220964, 61.922381], [5.20945, 61.924676], [5.192946, 61.918269], [5.156335, 61.91819], [5.145257, 61.925952], [5.111535, 61.929576], [5.112239, 61.933953], [5.118981, 61.938054]]}, "properties": {"name": "050: Åheim – Måløy (Partially Developed + Not Signed)", "source_file": "eurovelo-1.gpx", "point_count": 676, "distance_km": 53.74, "elevation_gain_m": 1223.6, "elevation_loss_m": 1238.3}}, {"type": "Feature", "geometry": {"type": "LineString", "coordinates": [[5.078102, 61.879291], [5.085831, 61.876763], [5.076668, 61.877181], [5.085096, 61.875526], [5.076506, 61.875235], [5.077138, 61.872663], [5.071741, 61.870322], [5.073677, 61.865959], [5.065091, 61.859068], [5.015784, 61.860294], [4.985442, 61.85193], [4.985353, 61.841924], [5.002315, 61.836179], [4.955921, 61.824063], [4.964599, 61.821155], [4.964084, 61.812715], [4.930656, 61.792104], [4.929864, 61.786936], [4.934932, 61.785675], [4.938655, 61.779454], [4.94725, 61.779283]]}, "properties": {"name": "051: Oldeide – Smørhamn (Partially Developed + Not Signed)", "source_file": "eurovelo-1.gpx", "point_count": 254, "distance_km": 20.91, "elevation_gain_m": 441.0, "elevation_loss_m": 442.9}}, {"type": "Feature", "geometry": {"type": "LineString", "coordinates": [[5.028764, 61.601261], [5.06065, 61.592467], [5.23116, 61.611677], [5.341037, 61.613486], [5.387162, 61.608544], [5.462108, 61.588108], [5.4796, 61.586946], [5.512535, 61.574834], [5.533488, 61.575521], [5.558006, 61.569429], [5.667661, 61.566283], [5.698071, 61.569256], [5.693851, 61.574294], [5.709177, 61.570077], [5.727134, 61.576368], [5.75716, 61.578255], [5.754498, 61.576473], [5.76186, 61.569218], [5.775795, 61.563069], [5.780391, 61.554348], [5.778632, 61.548731], [5.785874, 61.542538], [5.757563, 61.538026], [5.743614, 61.526604], [5.718518, 61.51664], [5.718999, 61.506637], [5.725498, 61.503228], [5.759087, 61.503589], [5.815232, 61.48941], [5.817023, 61.487293], [5.813796, 61.48103], [5.807423, 61.476828], [5.826209, 61.465734], [5.847915, 61.460164], [5.850658, 61.457278], [5.849448, 61.450212]]}, "properties": {"name": "052: Florø – Førde (Partially Developed + Not Signed)", "source_file": "eurovelo-1.gpx", "point_count": 869, "distance_km": 67.06, "elevation_gain_m": 1388.2, "elevation_loss_m": 1388.6}}, {"type": "Feature", "geometry": {"type": "LineString", "coordinates": [[5.849448, 61.450212], [5.827895, 61.458927], [5.816541, 61.45943], [5.797107, 61.465932], [5.790354, 61.476482], [5.785817, 61.478518], [5.742761, 61.478158], [5.724684, 61.471835], [5.719738, 61.4671], [5.702138, 61.462024], [5.691273, 61.463005], [5.69094, 61.456012], [5.653441, 61.44866], [5.652248, 61.441356], [5.656912, 61.438196], [5.645609, 61.436125], [5.479337, 61.442493], [5.403924, 61.453505], [5.382311, 61.459603], [5.321102, 61.460136], [5.289308, 61.469009], [5.263308, 61.470342], [5.256869, 61.468398], [5.242979, 61.456097], [5.214293, 61.451474], [5.221239, 61.447271], [5.21222, 61.431448], [5.18742, 61.428628], [5.164216, 61.431509], [5.167618, 61.427916], [5.150179, 61.421929], [5.136312, 61.420904], [5.132496, 61.417087], [5.109768, 61.410613], [5.107183, 61.402061], [5.110137, 61.394307], [5.106772, 61.385015], [5.109494, 61.379254], [5.106377, 61.37427], [5.108922, 61.368777], [5.115289, 61.365961], [5.113473, 61.363405], [5.118364, 61.361825], [5.117528, 61.358128], [5.101273, 61.347729], [5.062265, 61.346741], [5.064396, 61.345261]]}, "properties": {"name": "053: Førde – Askvoll (Partially Developed + Not Signed)", "source_file": "eurovelo-1.gpx", "point_count": 759, "distance_km": 61.56, "elevation_gain_m": 1696.6, "elevation_loss_m": 1695.3}}, {"type": "Feature", "geometry": {"type": "LineString", "coordinates": [[5.085683, 61.298103], [5.047113, 61.293578], [5.05346, 61.28551], [5.035826, 61.283137], [5.025866, 61.27449], [5.031475, 61.267614], [5.027628, 61.264547], [5.037986, 61.262793], [5.018465, 61.249428], [5.019111, 61.245304], [5.042623, 61.240972], [5.090784, 61.244112], [5.094221, 61.254458], [5.102209, 61.258272], [5.105517, 61.257002], [5.102839, 61.254343], [5.109841, 61.249635], [5.108032, 61.243462], [5.121003, 61.238512], [5.120146, 61.235664], [5.110875, 61.23248], [5.113429, 61.227926], [5.109875, 61.224902], [5.185091, 61.227508], [5.220677, 61.21995], [5.227329, 61.214214], [5.313054, 61.188997], [5.313936, 61.184775], [5.302124, 61.181134], [5.297678, 61.175972], [5.300126, 61.174144], [5.296101, 61.171161], [5.299409, 61.166932], [5.305068, 61.163684], [5.333679, 61.162282], [5.345296, 61.157387], [5.343221, 61.155063], [5.350531, 61.155992], [5.343183, 61.150379], [5.355171, 61.14305], [5.339323, 61.138607], [5.335664, 61.132032], [5.32373, 61.130175], [5.325488, 61.125183], [5.322987, 61.119906], [5.286517, 61.1125], [5.282989, 61.114056]]}, "properties": {"name": "054: Fure – Rysjedalsvika (Partially Developed + Not Signed)", "source_file": "eurovelo-1.gpx", "point_count": 730, "distance_km": 49.02, "elevation_gain_m": 687.9, "elevation_loss_m": 687.9}}, {"type": "Feature", "geometry": {"type": "LineString", "coordinates": [[5.189245, 61.074115], [5.187425, 61.07027], [5.181889, 61.068873], [5.156494, 61.073346], [5.146205, 61.071965], [5.144314, 61.070803], [5.148154, 61.064902], [5.129802, 61.058828], [5.085375, 61.055729], [5.078518, 61.057675], [5.072837, 61.061868], [5.074497, 61.063322], [5.06516, 61.064574], [5.044194, 61.058269], [5.042001, 61.053994], [5.049052, 61.049875], [5.039744, 61.0447], [5.042597, 61.038122], [5.036525, 61.033689], [5.053203, 61.027709], [5.048875, 61.024594], [5.056145, 61.021453], [5.044095, 61.020425], [5.04466, 61.017225], [5.038908, 61.01522], [5.039499, 61.012833], [5.030807, 61.011654], [5.0339, 61.006557], [5.032024, 61.004039], [5.038866, 60.997834], [5.03612, 60.988116], [5.043231, 60.979768], [5.081432, 60.979831], [5.084242, 60.983865], [5.089752, 60.983554], [5.09466, 60.981835], [5.094479, 60.975182], [5.098581, 60.972231], [5.135926, 60.969634], [5.161278, 60.975568], [5.166351, 60.985367], [5.166351, 60.99494], [5.17273, 61.003862], [5.194992, 61.008779], [5.181903, 61.001603], [5.188476, 60.999887], [5.184695, 60.996729], [5.188667, 60.992601], [5.182936, 60.98803], [5.188919, 60.978694], [5.18519, 60.971897], [5.193809, 60.968543], [5.172613, 60.966255], [5.151306, 60.950573], [5.135803, 60.947379], [5.145071, 60.936818], [5.133858, 60.935278], [5.135557, 60.932949], [5.130575, 60.921383], [5.138253, 60.909232], [5.126158, 60.896733], [5.133003, 60.891517], [5.130797, 60.887628], [5.135854, 60.881563], [5.133092, 60.878369], [5.122318, 60.876604], [5.118634, 60.872206], [5.112557, 60.852007], [5.1076, 60.849412], [5.095215, 60.851213], [5.089352, 60.846865], [5.06396, 60.8567]]}, "properties": {"name": "055: Rutledal – Sløvåg (Developed + Signed)", "source_file": "eurovelo-1.gpx", "point_count": 1048, "distance_km": 63.11, "elevation_gain_m": 1307.1, "elevation_loss_m": 1307.1}}, {"type": "Feature", "geometry": {"type": "LineString", "coordinates": [[5.004629, 60.815133], [5.006938, 60.812645], [5.004756, 60.801976], [4.980971, 60.803609], [4.969676, 60.785529], [4.959864, 60.787824], [4.948968, 60.796027], [4.918462, 60.803184], [4.925099, 60.792456], [4.935378, 60.785794], [4.933268, 60.777337], [4.925533, 60.775337], [4.915146, 60.764449], [4.937679, 60.763638], [4.955, 60.755436], [4.954964, 60.745311], [4.984345, 60.718588], [4.984299, 60.712559], [4.981275, 60.711513], [4.98435, 60.707318], [4.954701, 60.708108], [4.930121, 60.702956], [4.928276, 60.699029], [4.936476, 60.687518], [4.979175, 60.664406], [5.005677, 60.655612], [5.036378, 60.651013], [5.042872, 60.646662], [5.041412, 60.641432], [5.057991, 60.639302], [5.075619, 60.630201], [5.100871, 60.626934], [5.09912, 60.63511], [5.109301, 60.636315], [5.121052, 60.635995], [5.12804, 60.632407], [5.150796, 60.632809], [5.185747, 60.613063], [5.186757, 60.607994], [5.202559, 60.598416], [5.208443, 60.585276], [5.226294, 60.57119], [5.232943, 60.571335]]}, "properties": {"name": "056: Leirvåg – Alversund (Developed + Signed)", "source_file": "eurovelo-1.gpx", "point_count": 695, "distance_km": 53.61, "elevation_gain_m": 553.1, "elevation_loss_m": 496.8}}, {"type": "Feature", "geometry": {"type": "LineString", "coordinates": [[5.232943, 60.571335], [5.265741, 60.555086], [5.279896, 60.551541], [5.281447, 60.54502], [5.26282, 60.541807], [5.255474, 60.531975], [5.265467, 60.523268], [5.284311, 60.51665], [5.264114, 60.503131], [5.262054, 60.495081], [5.267797, 60.490003], [5.260568, 60.490557], [5.257319, 60.481071], [5.275055, 60.470411], [5.276601, 60.465441], [5.289153, 60.457197], [5.318389, 60.455723], [5.319438, 60.449768], [5.326304, 60.443338], [5.321981, 60.443181], [5.323381, 60.439425], [5.32078, 60.436718], [5.281294, 60.444479], [5.286355, 60.438622], [5.286201, 60.431673], [5.322193, 60.413493], [5.323675, 60.40567], [5.315184, 60.401126], [5.325072, 60.394153]]}, "properties": {"name": "057: Alversund – Bergen (Developed + Signed)", "source_file": "eurovelo-1.gpx", "point_count": 554, "distance_km": 32.44, "elevation_gain_m": 643.8, "elevation_loss_m": 696.9}}, {"type": "Feature", "geometry": {"type": "LineString", "coordinates": [[-2.098818, 57.136027], [-2.105097, 57.147221], [-2.0975, 57.149149], [-2.103598, 57.169891], [-2.117614, 57.175345], [-2.130787, 57.172906], [-2.171839, 57.180015], [-2.178624, 57.184734], [-2.179082, 57.19111], [-2.186133, 57.198397], [-2.17244, 57.202545], [-2.170434, 57.207142], [-2.187834, 57.216529], [-2.175314, 57.227128], [-2.179166, 57.247135], [-2.168836, 57.261725], [-2.171245, 57.265526], [-2.184597, 57.270614], [-2.190373, 57.290742], [-2.18478, 57.302128], [-2.172014, 57.304582], [-2.179238, 57.317364], [-2.200093, 57.328208], [-2.231715, 57.325184], [-2.242037, 57.327825], [-2.241538, 57.340498], [-2.236746, 57.349016], [-2.239591, 57.35408], [-2.230081, 57.36507], [-2.23275, 57.368662], [-2.210668, 57.371049], [-2.209285, 57.382172], [-2.201814, 57.389424], [-2.190684, 57.406527], [-2.18939, 57.41376], [-2.173887, 57.435107], [-2.138532, 57.443541], [-2.11927, 57.457942], [-2.116603, 57.466356], [-2.134023, 57.482186], [-2.135041, 57.491227], [-2.141051, 57.499292], [-2.14098, 57.511518], [-2.127294, 57.521264]]}, "properties": {"name": "058: Aberdeen – Maud (Partially Developed + Not Signed)", "source_file": "eurovelo-1.gpx", "point_count": 517, "distance_km": 59.23, "elevation_gain_m": 484.9, "elevation_loss_m": 428.7}}, {"type": "Feature", "geometry": {"type": "LineString", "coordinates": [[-2.127294, 57.521264], [-2.156565, 57.532697], [-2.221507, 57.543031], [-2.268703, 57.542228], [-2.291118, 57.545635], [-2.309723, 57.541881], [-2.320033, 57.544157], [-2.334568, 57.54166], [-2.341015, 57.546557], [-2.366164, 57.541531], [-2.377082, 57.5341], [-2.395157, 57.531395], [-2.403366, 57.536081], [-2.421252, 57.533628], [-2.469655, 57.53917], [-2.489666, 57.554132], [-2.492608, 57.565321], [-2.504825, 57.576981], [-2.506953, 57.582367], [-2.504081, 57.58865], [-2.511931, 57.59753], [-2.513045, 57.605976], [-2.508735, 57.617831], [-2.496379, 57.622569], [-2.491658, 57.628142], [-2.485448, 57.628225], [-2.484717, 57.631953], [-2.507906, 57.64407], [-2.494588, 57.660851], [-2.508331, 57.65869], [-2.511965, 57.662926], [-2.522337, 57.661905], [-2.51977, 57.665054], [-2.521959, 57.668045]]}, "properties": {"name": "059: Maud – Banff (Partially Developed + Not Signed)", "source_file": "eurovelo-1.gpx", "point_count": 315, "distance_km": 43.0, "elevation_gain_m": 375.1, "elevation_loss_m": 439.9}}, {"type": "Feature", "geometry": {"type": "LineString", "coordinates": [[-2.521959, 57.668045], [-2.525019, 57.671056], [-2.553587, 57.669265], [-2.574621, 57.681351], [-2.595791, 57.676487], [-2.598019, 57.670481], [-2.610755, 57.67025], [-2.641235, 57.673279], [-2.651654, 57.677038], [-2.695585, 57.680132], [-2.715634, 57.675223], [-2.742605, 57.661334], [-2.761791, 57.664086], [-2.780104, 57.67429], [-2.81228, 57.675452], [-2.814388, 57.684339], [-2.819013, 57.688807], [-2.846517, 57.694696], [-2.855746, 57.701404], [-2.855766, 57.704634], [-2.859517, 57.704786], [-2.897201, 57.699014], [-2.898284, 57.695735], [-2.952263, 57.676916], [-2.968571, 57.673858], [-2.980329, 57.67557], [-3.007339, 57.664862], [-3.029934, 57.662851], [-3.054141, 57.653955], [-3.061375, 57.662037], [-3.072384, 57.658858], [-3.083645, 57.659726], [-3.085099, 57.662757], [-3.116235, 57.661991], [-3.110647, 57.665276], [-3.113056, 57.666153], [-3.15949, 57.667812], [-3.200678, 57.658558], [-3.229318, 57.655778], [-3.242729, 57.647946], [-3.262833, 57.641849], [-3.292845, 57.652789], [-3.303081, 57.649994]]}, "properties": {"name": "060: Banff – Elgin (Developed + Not Signed)", "source_file": "eurovelo-1.gpx", "point_count": 622, "distance_km": 60.33, "elevation_gain_m": 546.2, "elevation_loss_m": 543.3}}, {"type": "Feature", "geometry": {"type": "LineString", "coordinates": [[-3.303081, 57.649994], [-3.344528, 57.653242], [-3.359195, 57.662779], [-3.3673, 57.661667], [-3.383936, 57.671143], [-3.396843, 57.670264], [-3.407182, 57.674053], [-3.455227, 57.654416], [-3.499284, 57.651906], [-3.521157, 57.645231], [-3.517945, 57.634912], [-3.548443, 57.628146], [-3.565217, 57.635764], [-3.591614, 57.628472], [-3.600451, 57.629106], [-3.620581, 57.616547], [-3.619299, 57.612704], [-3.629442, 57.615655], [-3.639684, 57.611259], [-3.654711, 57.61432], [-3.650174, 57.621395], [-3.651743, 57.62602], [-3.66318, 57.621234], [-3.671695, 57.622895], [-3.689935, 57.609494], [-3.69256, 57.603031], [-3.699913, 57.597112], [-3.708069, 57.593817], [-3.728955, 57.605302], [-3.75645, 57.605208], [-3.84295, 57.591527], [-3.864998, 57.584751], [-3.85901, 57.579948], [-3.867607, 57.57141], [-3.867077, 57.555808], [-3.857936, 57.550847], [-3.866496, 57.541879], [-3.867495, 57.538091], [-3.86188, 57.530042], [-3.869381, 57.517098], [-3.88397, 57.515582], [-3.910042, 57.504063], [-3.926274, 57.501678], [-3.938437, 57.504516], [-3.944221, 57.498321], [-3.957377, 57.499043], [-3.964058, 57.496046], [-3.993228, 57.504618], [-3.997807, 57.502578], [-3.999425, 57.496757], [-4.042268, 57.479215], [-4.054914, 57.474215], [-4.059017, 57.476958], [-4.067748, 57.474944]]}, "properties": {"name": "061: Elgin – Inverness (Partially Developed + Not Signed)", "source_file": "eurovelo-1.gpx", "point_count": 535, "distance_km": 70.15, "elevation_gain_m": 506.2, "elevation_loss_m": 415.0}}, {"type": "Feature", "geometry": {"type": "LineString", "coordinates": [[-4.067748, 57.474944], [-4.078077, 57.47108], [-4.072956, 57.469688], [-4.078911, 57.465066], [-4.076583, 57.463415], [-4.103275, 57.448569], [-4.112742, 57.427714], [-4.117275, 57.424133], [-4.102203, 57.421479], [-4.075495, 57.410385], [-4.070096, 57.40086], [-4.073696, 57.394476], [-4.07164, 57.392542], [-4.037335, 57.377701], [-4.007237, 57.359584], [-4.004942, 57.355697], [-4.007709, 57.348482], [-4.003155, 57.342499], [-3.99075, 57.337628], [-3.98863, 57.324849], [-3.941508, 57.309174], [-3.912647, 57.290466], [-3.851704, 57.294235], [-3.830113, 57.28589], [-3.815848, 57.284624], [-3.810082, 57.277007], [-3.807273, 57.256589], [-3.801352, 57.253283], [-3.803262, 57.24728], [-3.785711, 57.250701], [-3.753832, 57.248749], [-3.758355, 57.242666], [-3.780435, 57.233716], [-3.788606, 57.223819], [-3.812573, 57.207386], [-3.81451, 57.204675], [-3.81097, 57.203422], [-3.820807, 57.198918], [-3.830286, 57.18374], [-3.820212, 57.175054], [-3.839986, 57.162132], [-3.8578, 57.142982], [-3.869643, 57.14078], [-3.887068, 57.129831], [-3.896394, 57.12122], [-3.897079, 57.114911], [-3.905381, 57.118487], [-3.916982, 57.116644], [-3.924178, 57.110606], [-3.941887, 57.104521], [-3.950515, 57.093057], [-3.966623, 57.089405], [-3.980967, 57.080479], [-3.995657, 57.078895], [-3.997697, 57.070498], [-4.021672, 57.073033], [-4.042672, 57.070015], [-4.053697, 57.079673]]}, "properties": {"name": "062: Inverness – Kingussie (Partially Developed + Not Signed)", "source_file": "eurovelo-1.gpx", "point_count": 777, "distance_km": 75.82, "elevation_gain_m": 740.5, "elevation_loss_m": 612.6}}, {"type": "Feature", "geometry": {"type": "LineString", "coordinates": [[-4.053697, 57.079673], [-4.097271, 57.072481], [-4.125566, 57.062552], [-4.132722, 57.049006], [-4.146983, 57.043936], [-4.156527, 57.033822], [-4.161916, 57.015942], [-4.169881, 57.003561], [-4.181444, 56.994203], [-4.185488, 56.982059], [-4.210866, 56.962338], [-4.22019, 56.958974], [-4.237181, 56.943898], [-4.235281, 56.94182], [-4.239643, 56.938893], [-4.242454, 56.930944], [-4.236272, 56.91005], [-4.248967, 56.893751], [-4.257498, 56.874642], [-4.236525, 56.839541], [-4.221974, 56.831358], [-4.182458, 56.818563], [-4.14048, 56.817591], [-4.098555, 56.807311], [-4.034376, 56.800259], [-4.014798, 56.792804], [-4.012327, 56.787633], [-3.997857, 56.779365], [-3.96407, 56.76929], [-3.948258, 56.7673], [-3.926184, 56.771354], [-3.851221, 56.765823], [-3.839291, 56.76777], [-3.80388, 56.752171], [-3.772065, 56.743271], [-3.76978, 56.73819], [-3.77406, 56.731139], [-3.773533, 56.723419], [-3.765006, 56.718616], [-3.761477, 56.711308], [-3.735359, 56.703553]]}, "properties": {"name": "063: Kingussie – Pitlochry (Partially Developed + Not Signed)", "source_file": "eurovelo-1.gpx", "point_count": 563, "distance_km": 71.24, "elevation_gain_m": 406.1, "elevation_loss_m": 532.2}}, {"type": "Feature", "geometry": {"type": "LineString", "coordinates": [[-3.735359, 56.703553], [-3.730554, 56.700716], [-3.733085, 56.698044], [-3.726925, 56.695819], [-3.712832, 56.682011], [-3.681964, 56.663761], [-3.678222, 56.652939], [-3.682455, 56.648154], [-3.679975, 56.647465], [-3.685179, 56.644398], [-3.727704, 56.647347], [-3.755478, 56.658557], [-3.750622, 56.660327], [-3.774332, 56.661138], [-3.804902, 56.65193], [-3.823617, 56.642924], [-3.827627, 56.637824], [-3.845268, 56.634446], [-3.861887, 56.624934], [-3.865844, 56.627498], [-3.942168, 56.615736], [-3.979265, 56.614576], [-3.973287, 56.607446], [-3.989205, 56.594433], [-4.003599, 56.588792], [-4.001886, 56.584292], [-3.995734, 56.582367], [-4.029808, 56.568286], [-4.084338, 56.555276], [-4.096524, 56.548469], [-4.113951, 56.524909], [-4.131663, 56.514314], [-4.14088, 56.504531], [-4.159057, 56.496138], [-4.207003, 56.487064], [-4.235578, 56.485626], [-4.275832, 56.47243], [-4.297449, 56.461508], [-4.31977, 56.462072]]}, "properties": {"name": "064: Pitlochry – Killin (Partially Developed + Not Signed)", "source_file": "eurovelo-1.gpx", "point_count": 533, "distance_km": 61.53, "elevation_gain_m": 678.6, "elevation_loss_m": 657.5}}, {"type": "Feature", "geometry": {"type": "LineString", "coordinates": [[-4.31977, 56.462072], [-4.337462, 56.448665], [-4.345553, 56.445983], [-4.335663, 56.442562], [-4.340377, 56.433569], [-4.338306, 56.42371], [-4.328814, 56.414464], [-4.308904, 56.403565], [-4.296602, 56.389443], [-4.29303, 56.379362], [-4.291257, 56.38048], [-4.294814, 56.371632], [-4.30555, 56.366108], [-4.30679, 56.362062], [-4.313518, 56.362157], [-4.328868, 56.351992], [-4.324221, 56.333654], [-4.337109, 56.315945], [-4.335182, 56.308633], [-4.322595, 56.298778], [-4.294217, 56.289008], [-4.28994, 56.279601], [-4.289986, 56.26602], [-4.279466, 56.249449], [-4.267284, 56.251008], [-4.234119, 56.241907], [-4.216939, 56.243657]]}, "properties": {"name": "065: Killin – Callander (Partially Developed + Not Signed)", "source_file": "eurovelo-1.gpx", "point_count": 465, "distance_km": 34.21, "elevation_gain_m": 347.9, "elevation_loss_m": 404.0}}, {"type": "Feature", "geometry": {"type": "LineString", "coordinates": [[-4.216939, 56.243657], [-4.218301, 56.240276], [-4.251235, 56.236365], [-4.262965, 56.225393], [-4.288327, 56.216343], [-4.314667, 56.21604], [-4.32758, 56.220021], [-4.360271, 56.219348], [-4.348835, 56.214106], [-4.360975, 56.214178], [-4.370684, 56.208648], [-4.353394, 56.207763], [-4.359417, 56.204722], [-4.357253, 56.203156], [-4.370648, 56.200476], [-4.377426, 56.202297], [-4.377433, 56.199783], [-4.387753, 56.198186], [-4.372381, 56.189755], [-4.381484, 56.188034], [-4.376932, 56.185099], [-4.382473, 56.184145], [-4.384387, 56.180782], [-4.381508, 56.179426], [-4.384696, 56.178621], [-4.367244, 56.170246], [-4.364979, 56.158978], [-4.377186, 56.152566], [-4.380875, 56.146881], [-4.378834, 56.145958], [-4.387607, 56.141157], [-4.388084, 56.129392], [-4.405314, 56.11102], [-4.425856, 56.100813], [-4.434901, 56.088726], [-4.44966, 56.081734], [-4.452248, 56.065222], [-4.438578, 56.06532], [-4.433903, 56.055221], [-4.423493, 56.049192], [-4.465244, 56.042817], [-4.483765, 56.030457], [-4.490094, 56.032922], [-4.493328, 56.026541], [-4.508501, 56.020814], [-4.515328, 56.022149], [-4.547988, 56.012922], [-4.559709, 56.015232], [-4.58082, 56.012363], [-4.579284, 56.003967]]}, "properties": {"name": "066: Callander – Balloch (Partially Developed + Not Signed)", "source_file": "eurovelo-1.gpx", "point_count": 642, "distance_km": 54.37, "elevation_gain_m": 769.8, "elevation_loss_m": 827.6}}, {"type": "Feature", "geometry": {"type": "LineString", "coordinates": [[-4.579284, 56.003967], [-4.582413, 56.003236], [-4.573808, 55.996361], [-4.573277, 55.991623], [-4.577341, 55.988362], [-4.573471, 55.984416], [-4.581419, 55.97787], [-4.577611, 55.974788], [-4.58346, 55.970092], [-4.575267, 55.96604], [-4.578607, 55.96189], [-4.574866, 55.959743], [-4.580571, 55.953127], [-4.574517, 55.949669], [-4.576554, 55.944126], [-4.562114, 55.947133], [-4.524362, 55.934265], [-4.484113, 55.93119], [-4.457959, 55.923127], [-4.453407, 55.917675], [-4.439171, 55.911547], [-4.399491, 55.902158], [-4.402244, 55.897272], [-4.38491, 55.888761], [-4.376983, 55.889158], [-4.332768, 55.871119], [-4.306359, 55.868391], [-4.288819, 55.859173]]}, "properties": {"name": "067: Balloch – Glasgow (Developed + Not Signed)", "source_file": "eurovelo-1.gpx", "point_count": 446, "distance_km": 31.73, "elevation_gain_m": 117.1, "elevation_loss_m": 126.9}}, {"type": "Feature", "geometry": {"type": "LineString", "coordinates": [[-4.288819, 55.859173], [-4.288471, 55.85398], [-4.299124, 55.849797], [-4.302579, 55.844582], [-4.300235, 55.843908], [-4.320199, 55.828553], [-4.339327, 55.831667], [-4.341049, 55.836893], [-4.349723, 55.840292], [-4.371796, 55.838116], [-4.375726, 55.834779], [-4.384454, 55.835909], [-4.388505, 55.832858], [-4.435795, 55.841666], [-4.448567, 55.836566], [-4.468837, 55.839149], [-4.488049, 55.83726], [-4.505063, 55.842049], [-4.548173, 55.830744], [-4.564036, 55.817789], [-4.620907, 55.797206], [-4.651424, 55.778252], [-4.678058, 55.756392], [-4.679413, 55.745734], [-4.671913, 55.746443], [-4.663513, 55.737592], [-4.690315, 55.722626], [-4.694402, 55.714162], [-4.689592, 55.692198], [-4.697007, 55.687512], [-4.691677, 55.665843], [-4.699815, 55.662483], [-4.693428, 55.658442], [-4.697701, 55.653937]]}, "properties": {"name": "068: Glasgow – Kilwinning (Partially Developed + Not Signed)", "source_file": "eurovelo-1.gpx", "point_count": 624, "distance_km": 49.63, "elevation_gain_m": 328.4, "elevation_loss_m": 312.8}}, {"type": "Feature", "geometry": {"type": "LineString", "coordinates": [[-4.697701, 55.653937], [-4.69165, 55.650812], [-4.692233, 55.644707], [-4.686006, 55.643333], [-4.691187, 55.640643], [-4.691319, 55.63189], [-4.672984, 55.619823], [-4.676859, 55.616771], [-4.675359, 55.611203], [-4.682787, 55.606743], [-4.679217, 55.600037], [-4.667319, 55.590058], [-4.662373, 55.588682], [-4.654167, 55.59342], [-4.635123, 55.583153], [-4.635694, 55.572053], [-4.640334, 55.56626], [-4.65685, 55.561251], [-4.658201, 55.548691], [-4.675516, 55.54182], [-4.662571, 55.541808], [-4.652882, 55.533159], [-4.639175, 55.535005], [-4.619293, 55.518232], [-4.613484, 55.508033], [-4.607148, 55.505299], [-4.611776, 55.504551], [-4.613041, 55.501139], [-4.620282, 55.501091], [-4.620804, 55.493833], [-4.625274, 55.490408], [-4.617834, 55.488192], [-4.630678, 55.474982], [-4.628278, 55.473655], [-4.631636, 55.464894], [-4.641243, 55.465435], [-4.641572, 55.455468], [-4.650683, 55.440616], [-4.674313, 55.435798], [-4.666358, 55.42969], [-4.669616, 55.427875], [-4.706828, 55.423935], [-4.686035, 55.409798], [-4.681279, 55.40332], [-4.684669, 55.395528], [-4.677844, 55.390255], [-4.689676, 55.389654], [-4.716484, 55.380432], [-4.710353, 55.376536], [-4.70649, 55.366801], [-4.685454, 55.354479]]}, "properties": {"name": "069: Kilwinning – Maybole (Partially Developed + Not Signed)", "source_file": "eurovelo-1.gpx", "point_count": 726, "distance_km": 53.9, "elevation_gain_m": 460.6, "elevation_loss_m": 380.1}}, {"type": "Feature", "geometry": {"type": "LineString", "coordinates": [[-4.685454, 55.354479], [-4.688667, 55.35091], [-4.682078, 55.348885], [-4.678222, 55.340627], [-4.673571, 55.338227], [-4.67353, 55.332307], [-4.658119, 55.327512], [-4.64396, 55.330102], [-4.628916, 55.314598], [-4.628853, 55.311132], [-4.634893, 55.3061], [-4.623822, 55.299273], [-4.626339, 55.296779], [-4.624682, 55.288199], [-4.610959, 55.278542], [-4.629454, 55.2701], [-4.627598, 55.256764], [-4.632686, 55.243356], [-4.628654, 55.238111], [-4.634685, 55.232584], [-4.627716, 55.227504], [-4.626542, 55.222617], [-4.620803, 55.221916], [-4.602284, 55.201718], [-4.588398, 55.192424], [-4.589442, 55.182604], [-4.584319, 55.175297], [-4.587441, 55.169909], [-4.578817, 55.156245], [-4.581133, 55.148119], [-4.5722, 55.14197], [-4.564712, 55.131422], [-4.564491, 55.121369], [-4.569012, 55.116545], [-4.562691, 55.102817], [-4.569682, 55.084728], [-4.569854, 55.07373], [-4.553079, 55.074738], [-4.551846, 55.067952], [-4.554972, 55.061468], [-4.571268, 55.046949], [-4.558937, 55.03728], [-4.557423, 55.025505], [-4.545798, 55.018854], [-4.52733, 55.001333], [-4.520368, 54.986418], [-4.511979, 54.979625], [-4.485554, 54.970977], [-4.481141, 54.960466]]}, "properties": {"name": "070: Maybole – Newton Stewart (Developed + Not Signed)", "source_file": "eurovelo-1.gpx", "point_count": 617, "distance_km": 56.2, "elevation_gain_m": 729.1, "elevation_loss_m": 815.7}}, {"type": "Feature", "geometry": {"type": "LineString", "coordinates": [[-4.481141, 54.960466], [-4.480274, 54.954596], [-4.474982, 54.951434], [-4.477737, 54.950348], [-4.475611, 54.945896], [-4.462227, 54.934376], [-4.427545, 54.924773], [-4.415803, 54.906601], [-4.428434, 54.890747], [-4.441891, 54.88271], [-4.438076, 54.871587], [-4.447457, 54.862592], [-4.467603, 54.855439], [-4.49716, 54.859671], [-4.501903, 54.856301], [-4.520327, 54.854524], [-4.550394, 54.842518], [-4.632726, 54.825936], [-4.653002, 54.824811], [-4.682551, 54.814434], [-4.691572, 54.814525], [-4.709861, 54.824854], [-4.747232, 54.82978], [-4.767533, 54.855936], [-4.782776, 54.851637], [-4.790987, 54.845646], [-4.800373, 54.849978], [-4.814964, 54.869644], [-4.814731, 54.877518], [-4.820317, 54.878328], [-4.821165, 54.874221], [-4.827848, 54.872284], [-4.865569, 54.874535], [-4.929202, 54.886987], [-4.954722, 54.875438], [-4.962727, 54.885969], [-4.966521, 54.885785], [-4.969461, 54.896061], [-4.99405, 54.900071], [-4.99885, 54.902171], [-4.997267, 54.904572], [-5.017403, 54.903474], [-4.994011, 54.914022], [-4.987155, 54.928205], [-5.001385, 54.943902], [-5.014952, 54.966633], [-5.028894, 54.975023], [-5.029652, 54.979998], [-5.036705, 54.98501]]}, "properties": {"name": "071: Newton Stewart – Cairnryan (Partially Developed + Not Signed)", "source_file": "eurovelo-1.gpx", "point_count": 572, "distance_km": 73.41, "elevation_gain_m": 428.9, "elevation_loss_m": 443.3}}, {"type": "Feature", "geometry": {"type": "LineString", "coordinates": [[-5.919399, 54.608598], [-5.917479, 54.607225], [-5.92134, 54.606524], [-5.921393, 54.598752], [-5.913867, 54.595029], [-5.920669, 54.590689], [-5.920086, 54.58421], [-5.931677, 54.575805], [-5.927115, 54.564342], [-5.934608, 54.563521], [-5.933499, 54.5601], [-5.942293, 54.555742], [-5.94174, 54.553519], [-5.951052, 54.556203], [-5.95395, 54.548178], [-5.965001, 54.547346], [-5.96621, 54.542576], [-5.961296, 54.537762], [-5.973359, 54.531991], [-5.987103, 54.537072], [-5.990692, 54.542153], [-6.022261, 54.529484], [-6.025299, 54.524425], [-6.020062, 54.519264], [-6.023766, 54.513608], [-6.03691, 54.511705], [-6.04176, 54.504619], [-6.054465, 54.499458], [-6.056809, 54.494764], [-6.075391, 54.493118], [-6.090622, 54.484996], [-6.097137, 54.493974], [-6.11648, 54.494583], [-6.123267, 54.488782], [-6.133439, 54.489152], [-6.142731, 54.483219], [-6.153939, 54.489527], [-6.180509, 54.48851], [-6.185723, 54.485062], [-6.212059, 54.481546], [-6.221434, 54.483161], [-6.22106, 54.485728], [-6.238837, 54.493732], [-6.241989, 54.500863], [-6.271036, 54.49955], [-6.281461, 54.490319], [-6.293759, 54.490758], [-6.304725, 54.498511], [-6.309547, 54.49932], [-6.311589, 54.496462], [-6.325228, 54.498544], [-6.331352, 54.493496], [-6.338697, 54.492484], [-6.336108, 54.483651], [-6.34074, 54.482004], [-6.351863, 54.488456], [-6.357304, 54.488526], [-6.361858, 54.484643], [-6.376162, 54.4869], [-6.367969, 54.474171], [-6.375815, 54.465023], [-6.371596, 54.457828], [-6.384496, 54.449902]]}, "properties": {"name": "072: Belfast – Craigavon (Partially Developed + Not Signed)", "source_file": "eurovelo-1.gpx", "point_count": 914, "distance_km": 58.06, "elevation_gain_m": 340.1, "elevation_loss_m": 317.2}}, {"type": "Feature", "geometry": {"type": "LineString", "coordinates": [[-6.384496, 54.449902], [-6.393016, 54.447967], [-6.393347, 54.444864], [-6.413332, 54.440952], [-6.415887, 54.435647], [-6.428447, 54.430626], [-6.430049, 54.426578], [-6.439386, 54.424964], [-6.449581, 54.430079], [-6.449088, 54.437682], [-6.457612, 54.438651], [-6.472031, 54.447766], [-6.471745, 54.457229], [-6.479281, 54.471086], [-6.477132, 54.476514], [-6.496033, 54.48041], [-6.492691, 54.485833], [-6.49608, 54.491093], [-6.507092, 54.49551], [-6.520113, 54.49422], [-6.526077, 54.503465], [-6.552141, 54.50262], [-6.569824, 54.508329], [-6.609295, 54.531272], [-6.612439, 54.534385], [-6.612841, 54.553957], [-6.620273, 54.5578], [-6.623225, 54.567155], [-6.633788, 54.573716], [-6.629244, 54.584609], [-6.631625, 54.59045], [-6.628417, 54.592916], [-6.675502, 54.606718], [-6.683653, 54.612134], [-6.680516, 54.619378], [-6.688594, 54.625572], [-6.707071, 54.628563], [-6.710995, 54.637143], [-6.741911, 54.642615]]}, "properties": {"name": "073: Craigavon – Cookstown (Partially Developed + Not Signed)", "source_file": "eurovelo-1.gpx", "point_count": 537, "distance_km": 44.16, "elevation_gain_m": 315.1, "elevation_loss_m": 270.2}}, {"type": "Feature", "geometry": {"type": "LineString", "coordinates": [[-6.741911, 54.642615], [-6.777226, 54.645135], [-6.794396, 54.650357], [-6.80546, 54.649456], [-6.808558, 54.656753], [-6.834525, 54.661173], [-6.834761, 54.656854], [-6.849031, 54.655025], [-6.859298, 54.662669], [-6.865976, 54.662054], [-6.897197, 54.673409], [-6.906903, 54.680771], [-6.943563, 54.68146], [-6.935041, 54.695043], [-6.961463, 54.690126], [-6.968749, 54.684168], [-6.973765, 54.687932], [-6.974239, 54.694736], [-6.987949, 54.702548], [-7.033806, 54.699323], [-7.053855, 54.713449], [-7.06637, 54.724595], [-7.066864, 54.728276], [-7.089015, 54.727797], [-7.106138, 54.731592], [-7.143106, 54.729286], [-7.149437, 54.73249], [-7.157331, 54.730037], [-7.167789, 54.732438], [-7.199858, 54.724893], [-7.224105, 54.724192], [-7.232223, 54.727031], [-7.219915, 54.734808], [-7.215647, 54.742232], [-7.245335, 54.744057], [-7.243263, 54.745286], [-7.245812, 54.766316], [-7.249104, 54.768124], [-7.263895, 54.767753], [-7.27086, 54.761787], [-7.292298, 54.756589], [-7.3022, 54.764639], [-7.309081, 54.755313], [-7.308016, 54.751405], [-7.327411, 54.747305], [-7.349808, 54.754561], [-7.357847, 54.753904], [-7.378214, 54.782769], [-7.389229, 54.776146], [-7.425383, 54.778264], [-7.430889, 54.783176], [-7.443433, 54.7839], [-7.449181, 54.789172], [-7.447411, 54.803113], [-7.455963, 54.821575], [-7.46312, 54.827299], [-7.482141, 54.832859]]}, "properties": {"name": "074: Cookstown – Lifford (Partially Developed + Not Signed)", "source_file": "eurovelo-1.gpx", "point_count": 889, "distance_km": 74.54, "elevation_gain_m": 863.9, "elevation_loss_m": 927.6}}, {"type": "Feature", "geometry": {"type": "LineString", "coordinates": [[-7.482141, 54.832859], [-7.504277, 54.837805], [-7.528781, 54.834574], [-7.536003, 54.837524], [-7.526357, 54.844724], [-7.522907, 54.855497], [-7.506107, 54.866117], [-7.501045, 54.8763], [-7.491276, 54.877956], [-7.485037, 54.894415], [-7.467747, 54.92181], [-7.461225, 54.935842], [-7.468618, 54.940739], [-7.472544, 54.957701], [-7.43039, 54.950713], [-7.405308, 54.951399], [-7.393746, 54.954908], [-7.388584, 54.951186], [-7.365785, 54.965545], [-7.349912, 54.983709], [-7.323775, 54.989286], [-7.315801, 54.993791], [-7.320781, 55.004262], [-7.316329, 55.009145], [-7.325732, 55.008596], [-7.355118, 55.030387], [-7.37007, 55.034724]]}, "properties": {"name": "075: Lifford – Bridgend (Partially Developed + Not Signed)", "source_file": "eurovelo-1.gpx", "point_count": 305, "distance_km": 39.0, "elevation_gain_m": 318.5, "elevation_loss_m": 301.1}}, {"type": "Feature", "geometry": {"type": "LineString", "coordinates": [[-7.37036, 55.03477], [-7.38549, 55.03825], [-7.40903, 55.02799], [-7.42353, 55.03513], [-7.43119, 55.03098], [-7.43406, 55.02532], [-7.43171, 55.01148], [-7.44215, 55.00828], [-7.46908, 55.01205], [-7.47081, 55.01602], [-7.48874, 55.02377], [-7.48884, 55.03134], [-7.49886, 55.03325], [-7.50327, 55.03727], [-7.51219, 55.03449], [-7.51052, 55.02498], [-7.50441, 55.02236], [-7.50857, 55.01977], [-7.50536, 55.01588], [-7.51685, 55.00967], [-7.50995, 55.00494], [-7.51393, 55.00202], [-7.51027, 54.9987], [-7.51201, 54.99688], [-7.52409, 54.99597], [-7.5563, 55.00621], [-7.57239, 55.00007], [-7.5985, 54.98098], [-7.58331, 54.96938], [-7.57084, 54.966], [-7.57882, 54.96128], [-7.59225, 54.94526], [-7.62164, 54.95235], [-7.62973, 54.94205], [-7.63792, 54.93914], [-7.65075, 54.94287], [-7.6528, 54.94895], [-7.66086, 54.95137], [-7.66781, 54.94676], [-7.70052, 54.94021], [-7.73966, 54.94156], [-7.74067, 54.94544], [-7.73449, 54.94882], [-7.71908, 54.9471], [-7.70908, 54.95457]]}, "properties": {"name": "076: Bridgend – Letterkenny (Developed + Signed)", "source_file": "eurovelo-1.gpx", "point_count": 549, "distance_km": 48.19, "elevation_gain_m": 587.5, "elevation_loss_m": 597.5}}, {"type": "Feature", "geometry": {"type": "LineString", "coordinates": [[-7.70914, 54.95448], [-7.71009, 54.9595], [-7.67383, 54.97137], [-7.6665, 54.98574], [-7.65649, 54.98807], [-7.64526, 55.00121], [-7.61118, 55.01375], [-7.61695, 55.02356], [-7.6324, 55.02429], [-7.63825, 55.03326], [-7.64533, 55.03598], [-7.64331, 55.03817], [-7.65221, 55.03706], [-7.6454, 55.04409], [-7.64789, 55.04951], [-7.64426, 55.05936], [-7.64916, 55.06447], [-7.6661, 55.06477], [-7.66979, 55.07156], [-7.67982, 55.07688], [-7.6883, 55.09536], [-7.6996, 55.0896], [-7.7061, 55.09236], [-7.7054, 55.09602], [-7.71591, 55.09884], [-7.71244, 55.10473], [-7.71959, 55.10657], [-7.71796, 55.11385], [-7.72387, 55.11704], [-7.72358, 55.12307], [-7.72706, 55.1266], [-7.7459, 55.11909], [-7.75758, 55.12393], [-7.76514, 55.12134], [-7.78467, 55.12314], [-7.79775, 55.13057], [-7.82158, 55.1247], [-7.842516, 55.123682], [-7.85786, 55.12763], [-7.86954, 55.12571], [-7.8691, 55.13313], [-7.8771, 55.13014], [-7.88779, 55.13325], [-7.90788, 55.12257]]}, "properties": {"name": "077: Letterkenny – Creeslough (Developed + Signed)", "source_file": "eurovelo-1.gpx", "point_count": 652, "distance_km": 45.46, "elevation_gain_m": 643.1, "elevation_loss_m": 603.4}}, {"type": "Feature", "geometry": {"type": "LineString", "coordinates": [[-7.90788, 55.12257], [-7.91301, 55.12792], [-7.93782, 55.12209], [-7.9397, 55.13054], [-7.93689, 55.13661], [-7.97577, 55.12929], [-7.97686, 55.13177], [-7.97209, 55.13621], [-7.98042, 55.13718], [-7.98196, 55.14223], [-7.99007, 55.1434], [-8.0357, 55.12474], [-8.04734, 55.14038], [-8.0645, 55.13997], [-8.063079, 55.1355], [-8.06593, 55.13073], [-8.05997, 55.12579], [-8.06464, 55.1251], [-8.06931, 55.11811], [-8.087759, 55.12439], [-8.09127, 55.10969], [-8.08787, 55.10533], [-8.09941, 55.09616], [-8.097009, 55.0878], [-8.10215, 55.075], [-8.105499, 55.07373], [-8.11575, 55.07856], [-8.13144, 55.06915], [-8.131729, 55.06307], [-8.1278, 55.06323], [-8.125769, 55.0587], [-8.1309, 55.05712], [-8.130409, 55.05181], [-8.13908, 55.04519], [-8.13674, 55.04136], [-8.14452, 55.03772], [-8.145569, 55.03239], [-8.156, 55.03837], [-8.18271, 55.04466], [-8.23161, 55.05006], [-8.24535, 55.04691], [-8.25244, 55.04287], [-8.254379, 55.03286], [-8.260809, 55.02807], [-8.260569, 55.02145], [-8.2545, 55.01544], [-8.27211, 55.01379], [-8.28715, 54.99903], [-8.29066, 54.9983], [-8.29679, 55.00607], [-8.30981, 55.00184], [-8.32088, 55.00225], [-8.33881, 54.99507], [-8.36544, 54.99615], [-8.37132, 54.99406], [-8.3712, 54.99136], [-8.39403, 54.98579], [-8.40335, 54.97897], [-8.40409, 54.97539], [-8.39495, 54.96611], [-8.37419, 54.96052], [-8.37092, 54.95301]]}, "properties": {"name": "078: Creeslough – Dungloe (Developed + Signed)", "source_file": "eurovelo-1.gpx", "point_count": 921, "distance_km": 63.87, "elevation_gain_m": 764.5, "elevation_loss_m": 807.8}}, {"type": "Feature", "geometry": {"type": "LineString", "coordinates": [[-8.37092, 54.95301], [-8.360889, 54.95066], [-8.35964, 54.93847], [-8.35696, 54.93644], [-8.35868, 54.93046], [-8.344519, 54.91312], [-8.32221, 54.89753], [-8.302949, 54.88898], [-8.309189, 54.875707], [-8.300509, 54.85927], [-8.31441, 54.85397], [-8.31634, 54.84212], [-8.33221, 54.8383], [-8.33347, 54.83367], [-8.36625, 54.8337], [-8.37724, 54.80818], [-8.38303, 54.80223], [-8.39958, 54.79653], [-8.40174, 54.79002], [-8.40995, 54.786], [-8.41002, 54.77123], [-8.4167, 54.76961], [-8.41048, 54.76439], [-8.41308, 54.76187], [-8.356149, 54.74568], [-8.3635, 54.73564], [-8.36494, 54.72605], [-8.34901, 54.71925], [-8.35079, 54.71539], [-8.34453, 54.7033], [-8.348509, 54.69659], [-8.34699, 54.6864], [-8.322789, 54.67812], [-8.31577, 54.67281], [-8.31465, 54.66817], [-8.2935, 54.6681], [-8.28584, 54.65387], [-8.27584, 54.65415], [-8.273849, 54.64987], [-8.25986, 54.64621], [-8.24726, 54.63808], [-8.238569, 54.63584], [-8.21939, 54.64342], [-8.19752, 54.64669], [-8.186439, 54.64073], [-8.159179, 54.65511], [-8.129849, 54.66465], [-8.118209, 54.65664]]}, "properties": {"name": "079: Dungloe – Donegal (Developed + Signed)", "source_file": "eurovelo-1.gpx", "point_count": 709, "distance_km": 61.71, "elevation_gain_m": 825.5, "elevation_loss_m": 817.1}}, {"type": "Feature", "geometry": {"type": "LineString", "coordinates": [[-8.118209, 54.65664], [-8.10948, 54.65377], [-8.09892, 54.65508], [-8.09021, 54.64251], [-8.08075, 54.64191], [-8.078709, 54.63064], [-8.0873, 54.62134], [-8.08693, 54.61476], [-8.105779, 54.61204], [-8.15133, 54.59644], [-8.14127, 54.59075], [-8.141, 54.58595], [-8.15893, 54.58149], [-8.16211, 54.57517], [-8.15837, 54.57172], [-8.17435, 54.56489], [-8.214219, 54.56183], [-8.209009, 54.54877], [-8.21709, 54.54561], [-8.20895, 54.54467], [-8.209759, 54.53691], [-8.24493, 54.52956], [-8.24665, 54.52545], [-8.25737, 54.52604], [-8.25346, 54.52058], [-8.247159, 54.52133], [-8.23451, 54.51369], [-8.20917, 54.51459], [-8.19755, 54.50994], [-8.20299, 54.50839], [-8.196809, 54.50424], [-8.19092, 54.50468], [-8.18975, 54.50088], [-8.19594, 54.50025], [-8.192629, 54.49978], [-8.196149, 54.48102], [-8.19227, 54.47638], [-8.27092, 54.4814]]}, "properties": {"name": "080: Donegal – Bundoran (Developed + Signed)", "source_file": "eurovelo-1.gpx", "point_count": 596, "distance_km": 43.26, "elevation_gain_m": 387.2, "elevation_loss_m": 391.0}}, {"type": "Feature", "geometry": {"type": "LineString", "coordinates": [[-8.27092, 54.4814], [-8.28503, 54.47662], [-8.31226, 54.47568], [-8.33104, 54.46854], [-8.36669, 54.4654], [-8.37738, 54.46067], [-8.388629, 54.4582], [-8.39022, 54.46051], [-8.43892, 54.44855], [-8.44718, 54.44902], [-8.45592, 54.45711], [-8.4475, 54.46742], [-8.448219, 54.47018], [-8.46039, 54.47156], [-8.46736, 54.46468], [-8.41888, 54.42717], [-8.40395, 54.40109], [-8.44739, 54.3955], [-8.4742, 54.38709], [-8.50833, 54.38824], [-8.52324, 54.39309], [-8.54125, 54.39193], [-8.555059, 54.38094], [-8.59649, 54.36789], [-8.61296, 54.36005], [-8.61083, 54.35796], [-8.62126, 54.35931], [-8.63485, 54.36928], [-8.651719, 54.35886], [-8.66369, 54.3568], [-8.664, 54.35129], [-8.64029, 54.34734], [-8.64298, 54.33475], [-8.6273, 54.34029], [-8.6192, 54.34698], [-8.60033, 54.34827], [-8.59948, 54.35362], [-8.58764, 54.35834], [-8.56548, 54.35341], [-8.55794, 54.34606], [-8.541969, 54.33904], [-8.52776, 54.3382], [-8.50181, 54.3303], [-8.47014, 54.32972], [-8.46837, 54.3334], [-8.44502, 54.3287], [-8.44899, 54.32235], [-8.44785, 54.3164], [-8.455069, 54.30917], [-8.46352, 54.28843], [-8.47133, 54.27768], [-8.45917, 54.2763], [-8.46708, 54.27138]]}, "properties": {"name": "081: Bundoran – Sligo (Developed + Signed)", "source_file": "eurovelo-1.gpx", "point_count": 696, "distance_km": 74.13, "elevation_gain_m": 508.5, "elevation_loss_m": 518.5}}, {"type": "Feature", "geometry": {"type": "LineString", "coordinates": [[-8.46708, 54.27138], [-8.45311, 54.26903], [-8.44106, 54.26275], [-8.4403, 54.258], [-8.44657, 54.25645], [-8.44085, 54.24787], [-8.44339, 54.24128], [-8.45295, 54.23365], [-8.49352, 54.22686], [-8.50437, 54.21678], [-8.50719, 54.21149], [-8.49346, 54.21396], [-8.49694, 54.21119], [-8.489476, 54.20761], [-8.49288, 54.20233], [-8.48763, 54.19273], [-8.48186, 54.19041], [-8.48416, 54.18673], [-8.4925, 54.18873], [-8.51644, 54.1848], [-8.51422, 54.18002], [-8.52595, 54.1808], [-8.53533, 54.17589], [-8.54346, 54.17623], [-8.54531, 54.1688], [-8.55726, 54.17387], [-8.57562, 54.16848], [-8.60113, 54.17513]]}, "properties": {"name": "082: Sligo – Coolaney (Developed + Signed)", "source_file": "eurovelo-1.gpx", "point_count": 385, "distance_km": 26.2, "elevation_gain_m": 261.7, "elevation_loss_m": 208.7}}, {"type": "Feature", "geometry": {"type": "LineString", "coordinates": [[-8.60107, 54.17511], [-8.60498, 54.17132], [-8.6447, 54.16182], [-8.65872, 54.15513], [-8.65763, 54.15972], [-8.66806, 54.16529], [-8.69338, 54.16174], [-8.70823, 54.17782], [-8.7039, 54.18317], [-8.70822, 54.20044], [-8.71779, 54.20581], [-8.71974, 54.2102], [-8.72864, 54.21176], [-8.7364, 54.21758], [-8.7641, 54.22126], [-8.76859, 54.22711], [-8.7877, 54.22071], [-8.79787, 54.22502], [-8.80066, 54.21857], [-8.82886, 54.21192], [-8.86782, 54.20816], [-8.84648, 54.17309], [-8.8435, 54.15821], [-8.84547, 54.15102], [-8.84296, 54.13983], [-8.84985, 54.12847], [-8.84997, 54.11321], [-8.85491, 54.10455], [-8.87229, 54.10069], [-8.88021, 54.10441], [-8.89718, 54.09354], [-8.90622, 54.09739], [-8.91444, 54.09108], [-8.93645, 54.08893], [-8.95403, 54.09288], [-8.9704, 54.11197], [-8.97065, 54.11738], [-8.98654, 54.12455], [-8.99561, 54.1447], [-8.99797, 54.16405], [-9.02016, 54.17521], [-9.03543, 54.16736], [-9.04797, 54.16859], [-9.05576, 54.17437], [-9.05879, 54.1722], [-9.06879, 54.18527], [-9.08109, 54.21685], [-9.09723, 54.21093]]}, "properties": {"name": "083: Coolaney – Enniscrone (Developed + Signed)", "source_file": "eurovelo-1.gpx", "point_count": 654, "distance_km": 67.49, "elevation_gain_m": 640.1, "elevation_loss_m": 693.6}}, {"type": "Feature", "geometry": {"type": "LineString", "coordinates": [[-9.09723, 54.21093], [-9.11416, 54.19261], [-9.11577, 54.18272], [-9.12312, 54.17626], [-9.12543, 54.16805], [-9.1313, 54.16176], [-9.13145, 54.15061], [-9.14124, 54.12522], [-9.14024, 54.11884], [-9.14941, 54.11442], [-9.15143, 54.11544], [-9.14352, 54.12177], [-9.14435, 54.12689], [-9.13991, 54.13543], [-9.14957, 54.14438], [-9.16997, 54.18211], [-9.16992, 54.18801], [-9.17716, 54.1965], [-9.19727, 54.20006], [-9.22041, 54.21382], [-9.22748, 54.20835], [-9.24412, 54.2068], [-9.25586, 54.20782], [-9.26694, 54.21742], [-9.26539, 54.22407], [-9.26999, 54.22608], [-9.25568, 54.23415], [-9.25225, 54.24393], [-9.2748, 54.25213], [-9.26032, 54.27333], [-9.25593, 54.2744], [-9.25348, 54.28455], [-9.26697, 54.30372], [-9.3021, 54.30891], [-9.31782, 54.30582], [-9.33797, 54.30976], [-9.34779, 54.30825], [-9.35608, 54.30391], [-9.35902, 54.29641], [-9.37718, 54.29546], [-9.37566, 54.28027]]}, "properties": {"name": "084: Enniscrone – Ballycastle (Developed + Signed)", "source_file": "eurovelo-1.gpx", "point_count": 520, "distance_km": 52.03, "elevation_gain_m": 361.1, "elevation_loss_m": 342.5}}, {"type": "Feature", "geometry": {"type": "LineString", "coordinates": [[-9.37566, 54.2803], [-9.39658, 54.29903], [-9.40767, 54.29627], [-9.42054, 54.30379], [-9.43563, 54.29655], [-9.46061, 54.30915], [-9.49862, 54.30873], [-9.50217, 54.30636], [-9.50561, 54.31008], [-9.519119, 54.30839], [-9.54696, 54.29719], [-9.55107, 54.31075], [-9.55314, 54.30381], [-9.56242, 54.30984], [-9.59568, 54.30955], [-9.60464, 54.31221], [-9.61427, 54.30707], [-9.63683, 54.30857], [-9.64973, 54.30101], [-9.66538, 54.30221], [-9.6854, 54.2948], [-9.69708, 54.30526], [-9.71671, 54.31274], [-9.72509, 54.30525], [-9.76365, 54.30048], [-9.76324, 54.29294], [-9.75295, 54.281502], [-9.72171, 54.26988], [-9.72206, 54.25777], [-9.70258, 54.25025], [-9.69615, 54.24129], [-9.71945, 54.23682], [-9.77486, 54.25998], [-9.79574, 54.26378], [-9.80406, 54.26916], [-9.80867, 54.27753], [-9.819699, 54.28047], [-9.84975, 54.27542], [-9.86272, 54.2657], [-9.86549, 54.25266], [-9.86391, 54.24498], [-9.85645, 54.22967], [-9.84405, 54.22196], [-9.85146, 54.22204], [-9.872769, 54.21261], [-9.930389, 54.20692], [-9.95824, 54.21282], [-9.98708, 54.22388], [-9.991949, 54.22355], [-9.9915, 54.21937]]}, "properties": {"name": "085: Ballycastle – Belmullet (Developed + Signed)", "source_file": "eurovelo-1.gpx", "point_count": 633, "distance_km": 72.93, "elevation_gain_m": 727.1, "elevation_loss_m": 749.4}}, {"type": "Feature", "geometry": {"type": "LineString", "coordinates": [[-9.9915, 54.21937], [-9.98878, 54.21626], [-9.98365, 54.21841], [-9.94096, 54.19881], [-9.9158, 54.20111], [-9.91155, 54.19905], [-9.90562, 54.19201], [-9.90916, 54.18], [-9.91903, 54.16442], [-9.9143, 54.15652], [-9.92088, 54.15034], [-9.90555, 54.13755], [-9.90157, 54.12882], [-9.90253, 54.12319], [-9.89214, 54.11576], [-9.8742, 54.12349], [-9.82881, 54.13032], [-9.80473, 54.14564], [-9.7876, 54.14642], [-9.76802, 54.14296], [-9.7477, 54.14625], [-9.74081, 54.14177], [-9.756779, 54.13304], [-9.75435, 54.11801], [-9.76583, 54.09913], [-9.76594, 54.09371], [-9.83163, 54.07164], [-9.83202, 54.06118], [-9.8765, 54.04506], [-9.84914, 54.02045], [-9.84056, 54.01876], [-9.84867, 54.01541], [-9.84747, 54.0077], [-9.82208, 53.99536], [-9.82144, 53.98601], [-9.81348, 53.97747], [-9.79467, 53.97545], [-9.79616, 53.96221], [-9.78799, 53.94716], [-9.79227, 53.93434], [-9.79043, 53.92525], [-9.79541, 53.91911], [-9.7899, 53.91139], [-9.79132, 53.90944], [-9.78023, 53.90665], [-9.76216, 53.91017], [-9.7342, 53.91026], [-9.7162, 53.90681], [-9.6075, 53.91019], [-9.60101, 53.90644], [-9.57317, 53.9043], [-9.54832, 53.89322], [-9.54461, 53.88719], [-9.54619, 53.8847]]}, "properties": {"name": "086: Belmullet – Newport (Developed + Signed)", "source_file": "eurovelo-1.gpx", "point_count": 725, "distance_km": 81.71, "elevation_gain_m": 440.6, "elevation_loss_m": 437.4}}, {"type": "Feature", "geometry": {"type": "LineString", "coordinates": [[-9.54619, 53.8847], [-9.54833, 53.87888], [-9.5387, 53.87407], [-9.53555, 53.86894], [-9.54603, 53.86201], [-9.54088, 53.85481], [-9.54561, 53.85379], [-9.54965, 53.84802], [-9.5541, 53.83334], [-9.5358, 53.82141], [-9.53666, 53.8138], [-9.52592, 53.81139], [-9.52709, 53.80723], [-9.52228, 53.80472], [-9.52368, 53.80227], [-9.51599, 53.79873], [-9.54456, 53.791], [-9.56382, 53.77915], [-9.561489, 53.77506], [-9.56521, 53.77353], [-9.56383, 53.76859], [-9.56951, 53.76096], [-9.56123, 53.75297], [-9.556419, 53.75289], [-9.5543, 53.7383], [-9.5836, 53.72417], [-9.58379, 53.71948], [-9.60733, 53.70025], [-9.6161, 53.67887], [-9.62434, 53.67133], [-9.64216, 53.66283], [-9.63245, 53.65684], [-9.64176, 53.65097], [-9.68188, 53.64315], [-9.72646, 53.64603], [-9.74685, 53.64272], [-9.74638, 53.63188], [-9.75388, 53.62234], [-9.75112, 53.60751], [-9.73531, 53.60362], [-9.69896, 53.60464], [-9.67071, 53.61777], [-9.66852, 53.61351], [-9.67147, 53.60719], [-9.67892, 53.60908], [-9.68651, 53.60633], [-9.69421, 53.59589]]}, "properties": {"name": "087: Newport – Leenaun (Developed + Signed)", "source_file": "eurovelo-1.gpx", "point_count": 812, "distance_km": 57.01, "elevation_gain_m": 603.3, "elevation_loss_m": 601.6}}, {"type": "Feature", "geometry": {"type": "LineString", "coordinates": [[-9.69421, 53.59589], [-9.7025, 53.59431], [-9.73106, 53.59995], [-9.75299, 53.59844], [-9.76776, 53.59471], [-9.77235, 53.58735], [-9.78382, 53.5815], [-9.81848, 53.58697], [-9.83324, 53.59357], [-9.84487, 53.59482], [-9.86023, 53.60462], [-9.88231, 53.60903], [-9.89869, 53.60534], [-9.91483, 53.59702], [-9.94658, 53.59625], [-9.96319, 53.58828], [-9.959669, 53.56931], [-9.96108, 53.56175], [-9.94833, 53.55361], [-9.96845, 53.55005], [-9.97428, 53.54455], [-10.01821, 53.54569], [-10.03481, 53.55639], [-10.06627, 53.560989], [-10.092, 53.5573], [-10.09575, 53.55394], [-10.112209, 53.55663], [-10.16132, 53.55087], [-10.16371, 53.552259], [-10.16038, 53.55679], [-10.17428, 53.55918], [-10.18568, 53.55272], [-10.18152, 53.54774], [-10.172, 53.54564], [-10.1372, 53.54302], [-10.12741, 53.52489], [-10.093349, 53.51969], [-10.0632, 53.51075], [-10.04055, 53.51121], [-10.03976, 53.50765], [-10.06168, 53.50273], [-10.10066, 53.51104], [-10.11342, 53.51076], [-10.09616, 53.50077], [-10.07636, 53.49544], [-10.05229, 53.49354], [-10.03976, 53.48813], [-10.01904, 53.4876]]}, "properties": {"name": "088: Leenaun – Clifden (Developed + Signed)", "source_file": "eurovelo-1.gpx", "point_count": 945, "distance_km": 70.41, "elevation_gain_m": 710.6, "elevation_loss_m": 695.5}}, {"type": "Feature", "geometry": {"type": "LineString", "coordinates": [[-10.01904, 53.4876], [-10.02447, 53.48536], [-10.02009, 53.4794], [-10.01683, 53.46358], [-9.99187, 53.46168], [-9.97626, 53.45531], [-9.95035, 53.45496], [-9.9353, 53.445659], [-9.907489, 53.43525], [-9.86973, 53.43695], [-9.861039, 53.4334], [-9.852309, 53.43417], [-9.826879, 53.42575], [-9.82191, 53.4188], [-9.80189, 53.41856], [-9.79572, 53.41526], [-9.77813, 53.41682], [-9.77853, 53.4119], [-9.7744, 53.4103], [-9.72648, 53.40548], [-9.72573, 53.40111], [-9.70037, 53.39486], [-9.69222, 53.39708], [-9.68942, 53.39334], [-9.68074, 53.39166], [-9.62574, 53.39035], [-9.61293, 53.38764], [-9.60043, 53.37994], [-9.55305, 53.385129], [-9.54379, 53.372], [-9.54207, 53.34972], [-9.54708, 53.33683], [-9.56733, 53.33664], [-9.57181, 53.32291], [-9.5696, 53.31767], [-9.5754, 53.30575], [-9.57079, 53.29768], [-9.54872, 53.28779]]}, "properties": {"name": "089: Clifden – Costello (Developed + Signed)", "source_file": "eurovelo-1.gpx", "point_count": 707, "distance_km": 54.12, "elevation_gain_m": 337.5, "elevation_loss_m": 353.9}}, {"type": "Feature", "geometry": {"type": "LineString", "coordinates": [[-9.54872, 53.28779], [-9.53083, 53.27732], [-9.52512, 53.2849], [-9.49366, 53.29793], [-9.49435, 53.30721], [-9.466329, 53.30494], [-9.45849, 53.31095], [-9.4603, 53.31725], [-9.45203, 53.33567], [-9.44189, 53.34716], [-9.43007, 53.35213], [-9.4255, 53.35908], [-9.41381, 53.36513], [-9.40826, 53.37616], [-9.34068, 53.39051], [-9.33192, 53.39807], [-9.33213, 53.4054], [-9.32804, 53.40771], [-9.33044, 53.41245], [-9.319889, 53.40836], [-9.31004, 53.40768], [-9.30419, 53.41052], [-9.29096, 53.40284], [-9.284649, 53.394509], [-9.25957, 53.3974], [-9.2466, 53.38957], [-9.19723, 53.38189], [-9.193949, 53.37201], [-9.18133, 53.36959], [-9.17981, 53.36198], [-9.16393, 53.35836], [-9.16474, 53.35532], [-9.15166, 53.34597], [-9.151389, 53.34247], [-9.16584, 53.341859], [-9.14173, 53.32819], [-9.14218, 53.32454], [-9.15194, 53.31604], [-9.14081, 53.30971], [-9.1418, 53.30651], [-9.13409, 53.297], [-9.08869, 53.28154], [-9.08093, 53.27399], [-9.05727, 53.26918], [-9.04964, 53.27158]]}, "properties": {"name": "090: Costello – Galway (Developed + Signed)", "source_file": "eurovelo-1.gpx", "point_count": 738, "distance_km": 58.44, "elevation_gain_m": 532.5, "elevation_loss_m": 529.8}}, {"type": "Feature", "geometry": {"type": "LineString", "coordinates": [[-9.04964, 53.27158], [-9.04422, 53.27237], [-9.03377, 53.28196], [-8.98586, 53.27232], [-8.93026, 53.27241], [-8.9297, 53.264719], [-8.9332, 53.25916], [-8.93887, 53.25214], [-8.949769, 53.24754], [-8.94447, 53.24248], [-8.94431, 53.23834], [-8.95115, 53.23365], [-8.947469, 53.228409], [-8.91394, 53.22386], [-8.88894, 53.22912], [-8.88067, 53.22928], [-8.87811, 53.22625], [-8.87027, 53.21127], [-8.88222, 53.207009], [-8.90999, 53.20673], [-8.91405, 53.20023], [-8.92984, 53.1977], [-8.92248, 53.18991], [-8.91375, 53.19091], [-8.9042, 53.18044], [-8.8777, 53.16393], [-8.89096, 53.15034], [-8.90415, 53.14377], [-8.94015, 53.13919]]}, "properties": {"name": "091: Galway – Kinvarra (Partially Developed + Signed)", "source_file": "eurovelo-1.gpx", "point_count": 424, "distance_km": 38.02, "elevation_gain_m": 178.8, "elevation_loss_m": 174.4}}, {"type": "Feature", "geometry": {"type": "LineString", "coordinates": [[-8.94015, 53.13919], [-8.95014, 53.13858], [-8.95696, 53.13365], [-8.95513, 53.12843], [-8.98082, 53.08617], [-9.01745, 53.04172], [-9.03039, 53.0436], [-9.0502, 53.03485], [-9.06038, 53.03863], [-9.07589, 53.03806], [-9.0773, 53.02928], [-9.089689, 53.0202], [-9.127649, 53.00662], [-9.13546, 53.02337], [-9.13598, 53.04007], [-9.14658, 53.05168], [-9.14584, 53.057899], [-9.15781, 53.07685], [-9.16241, 53.0771], [-9.16524, 53.08127], [-9.158099, 53.09002], [-9.16015, 53.10367], [-9.14939, 53.115609], [-9.15511, 53.12042], [-9.17967, 53.12607], [-9.19017, 53.13191], [-9.21441, 53.13538], [-9.23997, 53.14866], [-9.264519, 53.15354], [-9.27614, 53.14047], [-9.27499, 53.13192], [-9.278409, 53.12214], [-9.29304, 53.108759], [-9.28812, 53.10762], [-9.28115, 53.0996], [-9.2819, 53.094119], [-9.28983, 53.08417], [-9.28794, 53.07971], [-9.29385, 53.07215], [-9.28919, 53.06212], [-9.27942, 53.05332], [-9.29717, 53.054139], [-9.32277, 53.06031], [-9.32938, 53.05121], [-9.34073, 53.047469], [-9.34755, 53.04023], [-9.36495, 53.03213], [-9.37127, 53.01914], [-9.37669, 53.01644]]}, "properties": {"name": "092: Kinvarra – Doolin (Developed + Signed)", "source_file": "eurovelo-1.gpx", "point_count": 864, "distance_km": 68.98, "elevation_gain_m": 760.6, "elevation_loss_m": 754.3}}, {"type": "Feature", "geometry": {"type": "LineString", "coordinates": [[-9.37669, 53.01644], [-9.38874, 53.00999], [-9.38778, 53.0047], [-9.40483, 52.99353], [-9.40621, 52.988549], [-9.4222, 52.98043], [-9.41028, 52.97775], [-9.39829, 52.97978], [-9.38118, 52.96898], [-9.37848, 52.96886], [-9.37759, 52.97422], [-9.37295, 52.9752], [-9.36421, 52.9661], [-9.35845, 52.947069], [-9.35316, 52.94757], [-9.34568, 52.93673], [-9.34628, 52.92889], [-9.32452, 52.92738], [-9.33877, 52.91798], [-9.326, 52.90873], [-9.324909, 52.90217], [-9.34003, 52.90542], [-9.38349, 52.88396], [-9.39129, 52.87345], [-9.38636, 52.87248], [-9.39817, 52.86589], [-9.39518, 52.86211], [-9.40007, 52.85812], [-9.40969, 52.829859], [-9.41849, 52.82158], [-9.40093, 52.79837], [-9.40487, 52.79068], [-9.37925, 52.76142], [-9.374, 52.74927], [-9.42141, 52.74892], [-9.53027, 52.73022], [-9.53266, 52.73522], [-9.55022, 52.73739], [-9.560689, 52.74483], [-9.55397, 52.74745], [-9.55653, 52.74913], [-9.56748, 52.74663], [-9.59282, 52.73766], [-9.58926, 52.72835], [-9.58059, 52.722209], [-9.61632, 52.71391], [-9.63367, 52.70604], [-9.63049, 52.69835], [-9.62361, 52.69554], [-9.622019, 52.69036], [-9.6477, 52.680169]]}, "properties": {"name": "093: Doolin – Kilkee (Developed + Signed)", "source_file": "eurovelo-1.gpx", "point_count": 625, "distance_km": 72.14, "elevation_gain_m": 705.5, "elevation_loss_m": 718.5}}, {"type": "Feature", "geometry": {"type": "LineString", "coordinates": [[-9.6477, 52.680169], [-9.68913, 52.67346], [-9.69819, 52.66278], [-9.71662, 52.6573], [-9.7238, 52.65029], [-9.73112, 52.64801], [-9.73333, 52.6439], [-9.72899, 52.64161], [-9.7349, 52.64086], [-9.72686, 52.62625], [-9.73886, 52.620489], [-9.746359, 52.60566], [-9.77581, 52.59839], [-9.866, 52.58908], [-9.87241, 52.58268], [-9.90136, 52.57235], [-9.908899, 52.56547], [-9.83685, 52.57239], [-9.8185, 52.56823], [-9.80665, 52.57129], [-9.800649, 52.57773], [-9.77066, 52.57978], [-9.70913, 52.59094], [-9.70972, 52.60476], [-9.70256, 52.61363], [-9.66829, 52.62298], [-9.64484, 52.62363], [-9.63235, 52.62975], [-9.61535, 52.62976], [-9.57217, 52.64093], [-9.56972, 52.6428], [-9.57631, 52.64372], [-9.589969, 52.66298], [-9.58869, 52.66815], [-9.58, 52.67206], [-9.545299, 52.67458], [-9.53776, 52.66733], [-9.50474, 52.66865], [-9.49269, 52.64288], [-9.485473, 52.640159]]}, "properties": {"name": "094: Kilkee – Kilrush (Developed + Signed)", "source_file": "eurovelo-1.gpx", "point_count": 598, "distance_km": 67.34, "elevation_gain_m": 736.2, "elevation_loss_m": 726.1}}, {"type": "Feature", "geometry": {"type": "LineString", "coordinates": [[-9.48548, 52.64016], [-9.47905, 52.63759], [-9.46283, 52.64253], [-9.432359, 52.631749], [-9.34175, 52.62512], [-9.31608, 52.63482], [-9.31656, 52.64776], [-9.31322, 52.64978], [-9.29497, 52.65291], [-9.25596, 52.64287], [-9.24813, 52.63704], [-9.25141, 52.63388], [-9.24584, 52.6237], [-9.24211, 52.62259], [-9.19063, 52.62043], [-9.16804, 52.62488], [-9.12558, 52.65182], [-9.10703, 52.67094], [-9.10812, 52.67407], [-9.11821, 52.67411], [-9.12165, 52.68992], [-9.13919, 52.70302], [-9.09259, 52.71879], [-9.06804, 52.71807], [-9.06248, 52.73237], [-9.06714, 52.73626], [-9.07754, 52.73619], [-9.07822, 52.74156], [-9.08195, 52.7438], [-9.08069, 52.74847], [-9.04857, 52.77108], [-9.02758, 52.76517], [-9.02276, 52.7697], [-9.01309, 52.76426], [-8.996359, 52.76401], [-8.99237, 52.77284], [-8.97799, 52.78135], [-8.97665, 52.78442], [-8.98092, 52.78532], [-8.97355, 52.79001], [-8.97515, 52.79637], [-8.969, 52.80207], [-8.96842, 52.81015], [-8.96493, 52.81429]]}, "properties": {"name": "095: Kilrush – Clarecastle (Developed + Signed)", "source_file": "eurovelo-1.gpx", "point_count": 594, "distance_km": 63.1, "elevation_gain_m": 513.9, "elevation_loss_m": 526.2}}, {"type": "Feature", "geometry": {"type": "LineString", "coordinates": [[-8.96493, 52.81429], [-8.9565, 52.81703], [-8.93109, 52.8061], [-8.92009, 52.808639], [-8.91407, 52.81556], [-8.91036, 52.81567], [-8.88376, 52.80734], [-8.86703, 52.81872], [-8.85716, 52.80964], [-8.8324, 52.79702], [-8.81473, 52.79508], [-8.81646, 52.78731], [-8.82558, 52.78031], [-8.84907, 52.77977], [-8.85212, 52.76876], [-8.85924, 52.764539], [-8.8488, 52.757869], [-8.81953, 52.75414], [-8.80582, 52.74872], [-8.7914, 52.749], [-8.773949, 52.74178], [-8.757199, 52.74156], [-8.74662, 52.74677], [-8.73849, 52.74196], [-8.69154, 52.73305], [-8.6892, 52.73088], [-8.69094, 52.7263], [-8.67718, 52.71931], [-8.671519, 52.708889], [-8.665279, 52.70761], [-8.66004, 52.6998], [-8.67183, 52.69449], [-8.66598, 52.68585], [-8.66669, 52.68176], [-8.65441, 52.676229], [-8.66917, 52.66504], [-8.65817, 52.65956], [-8.6396, 52.66344], [-8.63438, 52.66059]]}, "properties": {"name": "096: Clarecastle – Limerick (Developed + Signed)", "source_file": "eurovelo-1.gpx", "point_count": 631, "distance_km": 45.8, "elevation_gain_m": 392.5, "elevation_loss_m": 387.4}}, {"type": "Feature", "geometry": {"type": "LineString", "coordinates": [[-8.63282, 52.65991], [-8.63826, 52.64788], [-8.6531, 52.63896], [-8.66603, 52.62565], [-8.69635, 52.60866], [-8.70349, 52.60021], [-8.75177, 52.57963], [-8.74876, 52.57016], [-8.74372, 52.57062], [-8.74733, 52.55501], [-8.74424, 52.54766], [-8.76457, 52.54592], [-8.77277, 52.54068], [-8.78463, 52.5431], [-8.81021, 52.53793], [-8.81383, 52.54265], [-8.82431, 52.54341], [-8.82438, 52.54836], [-8.83019, 52.55183], [-8.84889, 52.55112], [-8.90037, 52.55803], [-8.94032, 52.55242], [-8.93633, 52.5453], [-8.96268, 52.54198], [-8.94313, 52.52649], [-8.95026, 52.51958], [-9.0049, 52.5121], [-9.0149, 52.50532], [-9.02672, 52.50533], [-9.05218, 52.4953], [-9.05637, 52.49084], [-9.0592, 52.45838], [-9.08623, 52.46464], [-9.09568, 52.46361], [-9.10762, 52.45438], [-9.12864, 52.44613], [-9.13064, 52.42212], [-9.17118, 52.41043], [-9.17817, 52.40154], [-9.20695, 52.38775], [-9.21593, 52.38593], [-9.24095, 52.39285], [-9.30346, 52.39437]]}, "properties": {"name": "097: Limerick – Abbeyfeale (Developed + Signed)", "source_file": "eurovelo-1.gpx", "point_count": 621, "distance_km": 72.52, "elevation_gain_m": 402.9, "elevation_loss_m": 363.7}}, {"type": "Feature", "geometry": {"type": "LineString", "coordinates": [[-9.30346, 52.39437], [-9.3496, 52.41212], [-9.37422, 52.42591], [-9.37996, 52.43282], [-9.39777, 52.44007], [-9.43081, 52.44281], [-9.44382, 52.4472], [-9.47024, 52.4481], [-9.47473, 52.44793], [-9.4775, 52.44248], [-9.48641, 52.44492], [-9.4827, 52.4483], [-9.51744, 52.44315], [-9.546709, 52.43356], [-9.53706, 52.42485], [-9.57156, 52.41978], [-9.61656, 52.40163], [-9.61821, 52.4065], [-9.63556, 52.40386], [-9.65926, 52.39788], [-9.66477, 52.39299], [-9.69085, 52.38881], [-9.71595, 52.37153], [-9.70226, 52.36125], [-9.72129, 52.3553], [-9.73108, 52.348149], [-9.74255, 52.33845], [-9.74424, 52.32933], [-9.73838, 52.32877], [-9.73776, 52.32363], [-9.69706, 52.28683], [-9.7048, 52.27388], [-9.69988, 52.271299], [-9.70509, 52.26941]]}, "properties": {"name": "098: Abbeyfeale – Tralee (Developed + Signed)", "source_file": "eurovelo-1.gpx", "point_count": 349, "distance_km": 51.83, "elevation_gain_m": 230.6, "elevation_loss_m": 279.9}}, {"type": "Feature", "geometry": {"type": "LineString", "coordinates": [[-9.70509, 52.26941], [-9.711499, 52.26478], [-9.73572, 52.25848], [-9.74673, 52.24646], [-9.83972, 52.23909], [-9.90537, 52.224379], [-9.95252, 52.22819], [-10.00331, 52.24078], [-9.99902, 52.24851], [-10.02366, 52.25552], [-10.03863, 52.24904], [-10.06269, 52.25009], [-10.0614, 52.24437], [-10.10849, 52.23813], [-10.13047, 52.2243], [-10.13495, 52.22545], [-10.16081, 52.21402], [-10.19124, 52.18979], [-10.19094, 52.18624], [-10.22905, 52.17534], [-10.23881, 52.16911], [-10.24544, 52.154649], [-10.24488, 52.14881], [-10.26702, 52.14077]]}, "properties": {"name": "099: Tralee – Dingle (Partially Developed + Signed)", "source_file": "eurovelo-1.gpx", "point_count": 474, "distance_km": 49.67, "elevation_gain_m": 574.5, "elevation_loss_m": 569.9}}, {"type": "Feature", "geometry": {"type": "LineString", "coordinates": [[-10.26702, 52.14077], [-10.27074, 52.13882], [-10.26796, 52.13627], [-10.26379, 52.13825], [-10.25269, 52.1337], [-10.2405, 52.13997], [-10.23429, 52.14727], [-10.22073, 52.15241], [-10.18714, 52.15401], [-10.16764, 52.1487], [-10.16658, 52.14467], [-10.15519, 52.1473], [-10.15203, 52.15113], [-10.146089, 52.14812], [-10.14042, 52.15246], [-10.13617, 52.14625], [-10.1373, 52.14206], [-10.13133, 52.13599], [-10.11055, 52.12635], [-10.08432, 52.13977], [-10.06174, 52.144419], [-10.05595, 52.15124], [-10.02282, 52.15365], [-10.01008, 52.14747], [-9.982659, 52.1425], [-9.96509, 52.14758], [-9.923819, 52.14918], [-9.75438, 52.176699], [-9.70125, 52.1686], [-9.703989, 52.16016], [-9.71786, 52.15101], [-9.71636, 52.14731], [-9.71912, 52.14343], [-9.70888, 52.12765], [-9.71425, 52.12136], [-9.71735, 52.1064], [-9.7516, 52.10314], [-9.77685, 52.10906], [-9.78473, 52.10631], [-9.78638, 52.1158], [-9.81237, 52.11827], [-9.84357, 52.10915], [-9.86492, 52.113079], [-9.8838, 52.10981], [-9.89807, 52.10567], [-9.89851, 52.095619], [-9.92361, 52.08328], [-9.91468, 52.07282], [-9.90306, 52.06835], [-9.91836, 52.0611], [-9.93964, 52.05635]]}, "properties": {"name": "100: Dingle – Glenbeigh (Partially Developed + Signed)", "source_file": "eurovelo-1.gpx", "point_count": 643, "distance_km": 77.76, "elevation_gain_m": 692.6, "elevation_loss_m": 676.3}}, {"type": "Feature", "geometry": {"type": "LineString", "coordinates": [[-9.93901, 52.056489], [-9.94738, 52.054], [-9.95379, 52.04675], [-9.96834, 52.04274], [-9.99164, 52.04178], [-10.01144, 52.03355], [-10.053559, 52.03822], [-10.06868, 52.03125], [-10.08408, 52.03238], [-10.093, 52.0267], [-10.10278, 52.01198], [-10.10463, 52.00393], [-10.15349, 51.97309], [-10.17166, 51.96646], [-10.17628, 51.97175], [-10.19757, 51.96922], [-10.23104, 51.95562], [-10.22266, 51.94742], [-10.2385, 51.939749], [-10.24159, 51.93338], [-10.26475, 51.93278], [-10.283221, 51.925618], [-10.32854, 51.92222], [-10.35105, 51.91493], [-10.39058, 51.89363], [-10.38736, 51.89056], [-10.36993, 51.89249], [-10.362679, 51.886], [-10.38119, 51.8802], [-10.37637, 51.86047], [-10.3675, 51.85627], [-10.37087, 51.85324], [-10.36493, 51.85312], [-10.36871, 51.85123], [-10.35086, 51.85144], [-10.34968, 51.84818], [-10.32988, 51.84531], [-10.32886, 51.83945], [-10.33373, 51.83468], [-10.32158, 51.82849], [-10.31314, 51.8281], [-10.31214, 51.82458], [-10.27481, 51.82141], [-10.26713, 51.8323], [-10.26026, 51.83501], [-10.24539, 51.8498], [-10.21341, 51.8495], [-10.17846, 51.8641], [-10.17194, 51.85781], [-10.16838, 51.84489], [-10.17198, 51.82854]]}, "properties": {"name": "101: Glenbeigh – Waterville (Developed + Signed)", "source_file": "eurovelo-1.gpx", "point_count": 663, "distance_km": 73.59, "elevation_gain_m": 1061.0, "elevation_loss_m": 1074.5}}, {"type": "Feature", "geometry": {"type": "LineString", "coordinates": [[-10.17196, 51.828539], [-10.16309, 51.83772], [-10.14603, 51.84556], [-10.13114, 51.84774], [-10.102359, 51.86463], [-10.04731, 51.88955], [-10.02623, 51.90464], [-10.01432, 51.90926], [-10.01322, 51.92345], [-9.96569, 51.94158], [-9.94396, 51.9409], [-9.93548, 51.9486], [-9.92099, 51.95397], [-9.90451, 51.97108], [-9.86843, 51.98756], [-9.86361, 51.97457], [-9.84755, 51.97114], [-9.84802, 51.96242], [-9.8335, 51.9562], [-9.83283, 51.95012], [-9.82237, 51.94522], [-9.8242, 51.94206], [-9.80805, 51.94208], [-9.79482, 51.93658], [-9.79565, 51.93154], [-9.79092, 51.92946], [-9.78206, 51.9167], [-9.784789, 51.90506], [-9.77801, 51.89688], [-9.75948, 51.89445], [-9.73852, 51.90665], [-9.70262, 51.91357], [-9.68854, 51.91312], [-9.67265, 51.91855], [-9.670909, 51.93454], [-9.66179, 51.93974], [-9.65307, 51.93792], [-9.65336, 51.93349], [-9.64673, 51.93106], [-9.64676, 51.92725], [-9.63266, 51.92486], [-9.6155, 51.91284], [-9.61433, 51.909], [-9.600529, 51.904829], [-9.59864, 51.90058], [-9.60201, 51.89509], [-9.59678, 51.88713], [-9.58352, 51.8801]]}, "properties": {"name": "102: Waterville – Kenmare (Developed + Signed)", "source_file": "eurovelo-1.gpx", "point_count": 914, "distance_km": 66.07, "elevation_gain_m": 1066.6, "elevation_loss_m": 1071.6}}, {"type": "Feature", "geometry": {"type": "LineString", "coordinates": [[-9.58352, 51.8801], [-9.58134, 51.87025], [-9.59635, 51.86491], [-9.59901, 51.86046], [-9.64507, 51.84446], [-9.6966, 51.84008], [-9.70985, 51.8362], [-9.7255, 51.83046], [-9.73441, 51.82137], [-9.74782, 51.81517], [-9.7564, 51.803669], [-9.77369, 51.79704], [-9.79545, 51.79547], [-9.82022, 51.78737], [-9.82366, 51.78435], [-9.809799, 51.78343], [-9.809939, 51.780859], [-9.78387, 51.77412], [-9.77478, 51.76563], [-9.803699, 51.75986], [-9.82385, 51.76594], [-9.84005, 51.76356], [-9.843819, 51.757], [-9.86632, 51.74298], [-9.89689, 51.73361], [-9.91867, 51.72083], [-9.93981, 51.71408], [-9.95792, 51.69406], [-9.95403, 51.69024], [-9.95732, 51.68319], [-9.98498, 51.68129], [-10.01234, 51.66836], [-10.01633, 51.67181], [-10.02935, 51.67365], [-10.060129, 51.66804], [-10.06404, 51.66371], [-10.07439, 51.66128], [-10.0715, 51.65522], [-10.05766, 51.65492], [-10.05529, 51.64683], [-10.04367, 51.64335], [-10.05259, 51.63483], [-10.04999, 51.63017], [-10.06965, 51.61821], [-10.0585, 51.60351], [-10.02152, 51.60644], [-9.99372, 51.61424], [-9.98362, 51.61904], [-9.97831, 51.62831], [-9.97901, 51.63512], [-9.97218, 51.63219], [-9.95772, 51.63688], [-9.93722, 51.63729], [-9.90846, 51.6525]]}, "properties": {"name": "103: Kenmare – Castletownbere (Developed + Signed)", "source_file": "eurovelo-1.gpx", "point_count": 1291, "distance_km": 79.22, "elevation_gain_m": 1116.4, "elevation_loss_m": 1117.5}}, {"type": "Feature", "geometry": {"type": "LineString", "coordinates": [[-9.90846, 51.6525], [-9.90385, 51.65493], [-9.88458, 51.65247], [-9.8622, 51.65918], [-9.84929, 51.65739], [-9.81401, 51.66521], [-9.75611, 51.6704], [-9.74113, 51.67457], [-9.73508, 51.68822], [-9.72096, 51.69489], [-9.72155, 51.6924], [-9.70865, 51.68109], [-9.688179, 51.68079], [-9.66559, 51.68746], [-9.64681, 51.68857], [-9.58323, 51.71261], [-9.57647, 51.71761], [-9.58001, 51.72124], [-9.56023, 51.7322], [-9.5589, 51.73806], [-9.55101, 51.7409], [-9.55094, 51.746], [-9.55512, 51.74834], [-9.53757, 51.75288], [-9.52439, 51.752809], [-9.51666, 51.74158], [-9.50053, 51.73458], [-9.49953, 51.72933], [-9.49341, 51.72481], [-9.45309, 51.73248], [-9.45065, 51.73129], [-9.45284, 51.72865], [-9.44893, 51.72665], [-9.45111, 51.72152], [-9.438459, 51.72304], [-9.43684, 51.71087], [-9.44244, 51.70415], [-9.43897, 51.6952], [-9.448829, 51.68047], [-9.46101, 51.67971]]}, "properties": {"name": "104: Castletownbere – Bantry (Partially Developed + Signed)", "source_file": "eurovelo-1.gpx", "point_count": 633, "distance_km": 51.31, "elevation_gain_m": 497.2, "elevation_loss_m": 499.4}}, {"type": "Feature", "geometry": {"type": "LineString", "coordinates": [[-9.46101, 51.67971], [-9.47222, 51.67692], [-9.47613, 51.67167], [-9.49035, 51.67216], [-9.51443, 51.66015], [-9.57019, 51.64966], [-9.60195, 51.63694], [-9.66567, 51.62254], [-9.70837, 51.60202], [-9.70706, 51.59919], [-9.71499, 51.59143], [-9.70309, 51.58106], [-9.6519, 51.58894], [-9.64138, 51.59388], [-9.6432, 51.59791], [-9.61114, 51.60979], [-9.57484, 51.61662], [-9.5715, 51.61292], [-9.56092, 51.61159], [-9.5487, 51.617579], [-9.52227, 51.62139], [-9.53375, 51.60759], [-9.57791, 51.59462], [-9.58221, 51.58466], [-9.6192, 51.56818], [-9.61707, 51.56607], [-9.61955, 51.55668], [-9.63046, 51.55139], [-9.64101, 51.5396], [-9.67299, 51.53968], [-9.70823, 51.5191], [-9.71424, 51.52115], [-9.72583, 51.51658], [-9.73902, 51.51808], [-9.75286, 51.50902], [-9.76648, 51.50813], [-9.77565, 51.48734], [-9.76523, 51.4857], [-9.76266, 51.48045], [-9.76927, 51.4784], [-9.76911, 51.46564], [-9.75156, 51.46328], [-9.73892, 51.47082], [-9.70937, 51.48036], [-9.7052, 51.4897], [-9.7095, 51.49356]]}, "properties": {"name": "105: Bantry – Goleen (Developed + Signed)", "source_file": "eurovelo-1.gpx", "point_count": 1058, "distance_km": 75.54, "elevation_gain_m": 938.0, "elevation_loss_m": 925.8}}, {"type": "Feature", "geometry": {"type": "LineString", "coordinates": [[-9.7095, 51.49356], [-9.71111, 51.49954], [-9.70295, 51.50212], [-9.70142, 51.50609], [-9.66996, 51.5087], [-9.6675, 51.51661], [-9.65741, 51.52024], [-9.643509, 51.52088], [-9.6426, 51.51288], [-9.62736, 51.51586], [-9.62884, 51.510219], [-9.61774, 51.50284], [-9.60876, 51.50453], [-9.58683, 51.51738], [-9.53955, 51.52976], [-9.50056, 51.52805], [-9.48959, 51.53585], [-9.464359, 51.53993], [-9.464219, 51.54838], [-9.45463, 51.554989], [-9.46031, 51.55827], [-9.45867, 51.56323], [-9.44107, 51.56234], [-9.40952, 51.55307], [-9.38203, 51.55372], [-9.37938, 51.54791], [-9.38654, 51.54287], [-9.385859, 51.53974], [-9.37792, 51.534239], [-9.36439, 51.53536], [-9.35899, 51.52946], [-9.35332, 51.53247], [-9.35455, 51.53694], [-9.34584, 51.54199], [-9.34628, 51.54891], [-9.335559, 51.55411], [-9.3049, 51.55887], [-9.28721, 51.5552], [-9.28452, 51.55102], [-9.30545, 51.5488], [-9.31673, 51.54383], [-9.32086, 51.53035], [-9.34449, 51.51444], [-9.34449, 51.50887], [-9.35183, 51.50003], [-9.34881, 51.49251], [-9.35843, 51.4837]]}, "properties": {"name": "106: Goleen – Baltimore (Developed + Signed)", "source_file": "eurovelo-1.gpx", "point_count": 781, "distance_km": 55.81, "elevation_gain_m": 708.1, "elevation_loss_m": 706.3}}, {"type": "Feature", "geometry": {"type": "LineString", "coordinates": [[-9.35843, 51.4837], [-9.35925, 51.48119], [-9.32726, 51.49209], [-9.30535, 51.50907], [-9.2906, 51.513039], [-9.28779, 51.50791], [-9.27606, 51.51185], [-9.27423, 51.50472], [-9.27031, 51.50849], [-9.26467, 51.500749], [-9.25979, 51.50011], [-9.26496, 51.49143], [-9.24076, 51.49332], [-9.23697, 51.49773], [-9.21495, 51.50325], [-9.20268, 51.51332], [-9.19419, 51.5158], [-9.18903, 51.52532], [-9.180669, 51.52781], [-9.183909, 51.53014], [-9.19485, 51.52856], [-9.20224, 51.53404], [-9.17189, 51.55154], [-9.16131, 51.55588], [-9.14612, 51.55309], [-9.13585, 51.56616], [-9.130839, 51.56284], [-9.12116, 51.56651], [-9.10833, 51.56408], [-9.06982, 51.57659], [-9.05421, 51.57064], [-9.03556, 51.57615], [-9.02005, 51.57544], [-9.0142, 51.57149], [-9.00271, 51.57094], [-9.00249, 51.56755], [-8.98922, 51.56559], [-8.98274, 51.56046], [-8.97165, 51.56109], [-8.9587, 51.55689], [-8.94528, 51.54602], [-8.93599, 51.55268], [-8.93235, 51.54826], [-8.92325, 51.548319], [-8.91058, 51.55863], [-8.91057, 51.57982], [-8.90044, 51.58511], [-8.8925, 51.6042], [-8.8855, 51.60284], [-8.87706, 51.60616], [-8.8754, 51.61387], [-8.88648, 51.62111], [-8.88171, 51.62339]]}, "properties": {"name": "107: Baltimore – Clonakilty (Developed + Signed)", "source_file": "eurovelo-1.gpx", "point_count": 950, "distance_km": 59.91, "elevation_gain_m": 1026.3, "elevation_loss_m": 1039.8}}, {"type": "Feature", "geometry": {"type": "LineString", "coordinates": [[-8.88171, 51.62339], [-8.8675, 51.61283], [-8.85166, 51.61102], [-8.84538, 51.6146], [-8.83024, 51.60951], [-8.81147, 51.61071], [-8.79515, 51.603319], [-8.77046, 51.60928], [-8.769539, 51.59907], [-8.75319, 51.5903], [-8.74358, 51.59669], [-8.71557, 51.600879], [-8.71059, 51.610349], [-8.71392, 51.618049], [-8.7095, 51.620399], [-8.70991, 51.62764], [-8.70191, 51.63195], [-8.71158, 51.63545], [-8.73274, 51.63559], [-8.75025, 51.64273], [-8.76006, 51.64072], [-8.763909, 51.64492], [-8.72845, 51.64745], [-8.71175, 51.63939], [-8.70214, 51.64595], [-8.70205, 51.65216], [-8.69408, 51.646009], [-8.68369, 51.64523], [-8.67373, 51.65818], [-8.66404, 51.654179], [-8.64204, 51.652389], [-8.63169, 51.654739], [-8.63416, 51.65884], [-8.62143, 51.66034], [-8.59198, 51.64472], [-8.58177, 51.645069], [-8.55941, 51.63832], [-8.5422, 51.61971], [-8.55067, 51.64082], [-8.55983, 51.65003], [-8.55988, 51.65704], [-8.55524, 51.66494], [-8.54164, 51.66803], [-8.5433, 51.6715], [-8.52055, 51.67834], [-8.52068, 51.68237], [-8.53016, 51.68569], [-8.52454, 51.69226], [-8.52775, 51.69485], [-8.51812, 51.69911], [-8.52243, 51.70553]]}, "properties": {"name": "108: Clonakilty – Kinsale (Developed + Signed)", "source_file": "eurovelo-1.gpx", "point_count": 878, "distance_km": 60.16, "elevation_gain_m": 770.9, "elevation_loss_m": 766.8}}, {"type": "Feature", "geometry": {"type": "LineString", "coordinates": [[-8.52243, 51.70553], [-8.509359, 51.70605], [-8.50283, 51.70279], [-8.49783, 51.70797], [-8.50449, 51.71097], [-8.49179, 51.71354], [-8.49417, 51.71751], [-8.48849, 51.72243], [-8.47085, 51.72322], [-8.4638, 51.714149], [-8.41132, 51.72206], [-8.38268, 51.72254], [-8.361409, 51.72903], [-8.33836, 51.741549], [-8.31417, 51.74278], [-8.313079, 51.74537], [-8.31954, 51.74777], [-8.33455, 51.74769], [-8.33813, 51.752339], [-8.345129, 51.75105], [-8.37054, 51.76198], [-8.38161, 51.76339], [-8.37116, 51.77716], [-8.35504, 51.77557], [-8.33486, 51.78192], [-8.31775, 51.78092], [-8.3115, 51.77562], [-8.29428, 51.78024], [-8.30589, 51.78553], [-8.30636, 51.79025], [-8.29719, 51.79153], [-8.29806, 51.80312], [-8.320779, 51.80543], [-8.32901, 51.801319], [-8.350199, 51.80973], [-8.37481, 51.81037], [-8.38707, 51.81272], [-8.38883, 51.81604], [-8.37494, 51.81583], [-8.37608, 51.82267], [-8.36937, 51.83423], [-8.37194, 51.83523], [-8.33957, 51.8416], [-8.33153, 51.84972], [-8.33253, 51.85989], [-8.3259, 51.86187], [-8.326739, 51.85234], [-8.31731, 51.84687], [-8.29388, 51.85039]]}, "properties": {"name": "109: Kinsale – Cobh (Developed + Signed)", "source_file": "eurovelo-1.gpx", "point_count": 831, "distance_km": 57.3, "elevation_gain_m": 864.4, "elevation_loss_m": 872.4}}, {"type": "Feature", "geometry": {"type": "LineString", "coordinates": [[-8.29391, 51.85039], [-8.27832, 51.85352], [-8.28204, 51.86084], [-8.27469, 51.86597], [-8.27366, 51.87791], [-8.29818, 51.882219], [-8.3045, 51.88842], [-8.282529, 51.89454], [-8.278, 51.89931], [-8.25927, 51.896009], [-8.22086, 51.89705], [-8.20623, 51.90152], [-8.20548, 51.90829], [-8.20125, 51.9112], [-8.17567, 51.91659], [-8.17798, 51.92147], [-8.11039, 51.92553], [-7.993964, 51.938377], [-7.954502, 51.933475], [-7.855237, 51.937353], [-7.84284, 51.94113], [-7.84551, 51.95139]]}, "properties": {"name": "110: Cobh – Youghal (Developed + Signed)", "source_file": "eurovelo-1.gpx", "point_count": 387, "distance_km": 43.76, "elevation_gain_m": 261.2, "elevation_loss_m": 258.1}}, {"type": "Feature", "geometry": {"type": "LineString", "coordinates": [[-7.84595, 51.95323], [-7.85286, 51.95994], [-7.86059, 51.96197], [-7.86535, 51.976349], [-7.8517, 51.98092], [-7.85739, 51.98604], [-7.85182, 51.99226], [-7.80819, 51.99782], [-7.80218, 51.98756], [-7.80432, 51.97632], [-7.80953, 51.97069], [-7.80793, 51.96405], [-7.7939, 51.96449], [-7.77168, 51.95841], [-7.75086, 51.96033], [-7.7258, 51.95067], [-7.73126, 51.96346], [-7.71274, 51.96503], [-7.71504, 51.97604], [-7.71811, 51.97829], [-7.70772, 51.97962], [-7.70527, 51.9923], [-7.69721, 51.99354], [-7.69016, 51.98513], [-7.67326, 51.98142], [-7.64035, 51.9867], [-7.63267, 51.99197], [-7.6023, 51.99879], [-7.60503, 52.0036], [-7.59885, 52.00876], [-7.6018, 52.01195], [-7.59312, 52.01435], [-7.5975, 52.02072], [-7.56815, 52.04328], [-7.56976, 52.0461], [-7.58427, 52.04897], [-7.62188, 52.04932], [-7.6492, 52.06078], [-7.63454, 52.08309], [-7.62137, 52.08788], [-7.62061, 52.09073]]}, "properties": {"name": "111: Youghal – Dungarvan (Partially Developed + Signed)", "source_file": "eurovelo-1.gpx", "point_count": 676, "distance_km": 53.0, "elevation_gain_m": 562.7, "elevation_loss_m": 557.1}}, {"type": "Feature", "geometry": {"type": "LineString", "coordinates": [[-7.62043, 52.09124], [-7.51312, 52.10768], [-7.50624, 52.11961], [-7.50842, 52.13628], [-7.49566, 52.14717], [-7.49443, 52.16246], [-7.48346, 52.17303], [-7.48084, 52.18231], [-7.45908, 52.19255], [-7.43976, 52.20669], [-7.4294, 52.2087], [-7.40977, 52.20268], [-7.39391, 52.20311], [-7.3632, 52.21162], [-7.3392, 52.22477], [-7.3183, 52.22762], [-7.297, 52.23804], [-7.26982, 52.23859], [-7.25881, 52.24552], [-7.24096, 52.24732], [-7.21279, 52.24219], [-7.19794, 52.24783], [-7.1885, 52.25725], [-7.18157, 52.25661], [-7.18118, 52.25302], [-7.17364, 52.24805]]}, "properties": {"name": "112: Dungarvan – Waterford (Developed + Signed)", "source_file": "eurovelo-1.gpx", "point_count": 333, "distance_km": 42.89, "elevation_gain_m": 296.6, "elevation_loss_m": 277.9}}, {"type": "Feature", "geometry": {"type": "LineString", "coordinates": [[-7.17364, 52.24805], [-7.16583, 52.24057], [-7.12772, 52.22441], [-7.12549, 52.215829], [-7.11653, 52.21019], [-7.11966, 52.19569], [-7.13738, 52.17641], [-7.13266, 52.17183], [-7.12228, 52.17095], [-7.11714, 52.18313], [-7.07249, 52.17251], [-7.05778, 52.155299], [-7.05692, 52.14427], [-7.04647, 52.14134], [-7.03495, 52.14318], [-7.03028, 52.14047], [-6.99463, 52.1535], [-6.99894, 52.15516], [-6.99458, 52.15496], [-7.00708, 52.16748], [-7.01319, 52.17855], [-6.98457, 52.19183], [-6.97629, 52.20652], [-6.97796, 52.21673], [-6.97201, 52.2331], [-6.97304, 52.24019]]}, "properties": {"name": "113: Waterford – Ballyhack (Developed + Signed)", "source_file": "eurovelo-1.gpx", "point_count": 499, "distance_km": 37.47, "elevation_gain_m": 414.6, "elevation_loss_m": 436.3}}, {"type": "Feature", "geometry": {"type": "LineString", "coordinates": [[-6.96809, 52.24464], [-6.96067, 52.24199], [-6.93554, 52.24263], [-6.93188, 52.23511], [-6.93521, 52.23125], [-6.93177, 52.22257], [-6.89769, 52.2101], [-6.89943, 52.19337], [-6.89386, 52.18665], [-6.89625, 52.17328], [-6.89415, 52.15754], [-6.87664, 52.17738], [-6.85655, 52.16898], [-6.84805, 52.17252], [-6.84453, 52.17825], [-6.83626, 52.179699], [-6.84191, 52.194159], [-6.8298, 52.198279], [-6.82509, 52.20768], [-6.83406, 52.20805], [-6.85096, 52.20256], [-6.85784, 52.2062], [-6.84635, 52.210009], [-6.84467, 52.22161], [-6.83198, 52.22652], [-6.83914, 52.23567], [-6.83525, 52.2433], [-6.83308, 52.24407], [-6.82614, 52.22974], [-6.82335, 52.2294], [-6.80318, 52.237229], [-6.8097, 52.24404], [-6.79662, 52.25119], [-6.78691, 52.2485], [-6.78548, 52.26452], [-6.80604, 52.27146], [-6.7978, 52.27778], [-6.79629, 52.28528], [-6.78352, 52.28755], [-6.75325, 52.28214], [-6.7574, 52.27138], [-6.75024, 52.26676]]}, "properties": {"name": "114: Ballyhack – Wellingtonbridge (Developed + Signed)", "source_file": "eurovelo-1.gpx", "point_count": 611, "distance_km": 50.04, "elevation_gain_m": 514.9, "elevation_loss_m": 511.7}}, {"type": "Feature", "geometry": {"type": "LineString", "coordinates": [[-6.75024, 52.26676], [-6.75533, 52.2563], [-6.75435, 52.25103], [-6.7425, 52.233379], [-6.73554, 52.23586], [-6.7319, 52.24287], [-6.72698, 52.24441], [-6.69965, 52.23417], [-6.70529, 52.22322], [-6.69699, 52.220709], [-6.65214, 52.2296], [-6.640799, 52.21858], [-6.58586, 52.20067], [-6.5925, 52.17207], [-6.57958, 52.18399], [-6.56598, 52.18762], [-6.57275, 52.19169], [-6.56516, 52.19665], [-6.56172, 52.19747], [-6.55223, 52.1913], [-6.5413, 52.1961], [-6.53134, 52.1946], [-6.50078, 52.20745], [-6.49397, 52.21564], [-6.46305, 52.21847], [-6.45667, 52.21673], [-6.44216, 52.20348], [-6.4372, 52.20393], [-6.43702, 52.20776], [-6.43334, 52.20949], [-6.39755, 52.21336], [-6.38711, 52.21916], [-6.38262, 52.21787], [-6.38264, 52.21093], [-6.373, 52.20878], [-6.368909, 52.21225], [-6.3702, 52.22179], [-6.35374, 52.22519], [-6.35527, 52.24201], [-6.34727, 52.24391], [-6.34285, 52.25109], [-6.33456, 52.25051]]}, "properties": {"name": "115: Wellingtonbridge – Rosslare Harbour (Developed + Signed)", "source_file": "eurovelo-1.gpx", "point_count": 649, "distance_km": 52.11, "elevation_gain_m": 236.3, "elevation_loss_m": 230.0}}, {"type": "Feature", "geometry": {"type": "LineString", "coordinates": [[-4.99253, 52.003279], [-4.987342, 51.998226], [-4.990533, 51.994888], [-4.990278, 51.986874], [-4.995483, 51.983989], [-5.010595, 51.983131], [-5.016788, 51.977934], [-5.023472, 51.980824], [-5.031637, 51.992073], [-5.05077, 51.977976], [-5.07525, 51.965798], [-5.075042, 51.959612], [-5.080355, 51.96163], [-5.099038, 51.950263], [-5.114188, 51.957375], [-5.125886, 51.958853], [-5.139258, 51.950154], [-5.154551, 51.947817], [-5.180789, 51.933341], [-5.232669, 51.918633], [-5.239366, 51.914464], [-5.244983, 51.903556], [-5.24797, 51.906335], [-5.25234, 51.90495], [-5.271249, 51.897129], [-5.273673, 51.893116], [-5.269288, 51.881194], [-5.236772, 51.884868], [-5.209736, 51.882797], [-5.19246, 51.884913], [-5.190475, 51.888098], [-5.173178, 51.883591], [-5.136112, 51.881826], [-5.139309, 51.875172], [-5.137036, 51.87181], [-5.145199, 51.870005], [-5.124761, 51.866971], [-5.123106, 51.862074], [-5.127149, 51.8573], [-5.111265, 51.840476], [-5.107308, 51.831467], [-5.108413, 51.825809], [-5.100171, 51.811274], [-5.100675, 51.802329], [-5.094465, 51.800468], [-5.101131, 51.790146], [-5.101999, 51.78264], [-5.084091, 51.785999], [-5.084516, 51.790326], [-5.065685, 51.796927], [-5.056199, 51.792785], [-5.007394, 51.798755]]}, "properties": {"name": "116: Fishguard – Haverfordwest (Partially Developed + Not Signed)", "source_file": "eurovelo-1.gpx", "point_count": 662, "distance_km": 63.56, "elevation_gain_m": 903.7, "elevation_loss_m": 820.5}}, {"type": "Feature", "geometry": {"type": "LineString", "coordinates": [[-5.007394, 51.798755], [-4.986348, 51.78853], [-5.010127, 51.77854], [-5.01511, 51.771304], [-4.999661, 51.762991], [-4.995473, 51.754927], [-4.97519, 51.74259], [-4.971843, 51.735731], [-4.954182, 51.72778], [-4.946852, 51.716547], [-4.938004, 51.714334], [-4.929628, 51.6947], [-4.940204, 51.696121], [-4.943436, 51.690128], [-4.922002, 51.686283], [-4.918024, 51.679534], [-4.923247, 51.677127], [-4.920685, 51.674849], [-4.90863, 51.674037], [-4.89375, 51.667997], [-4.872097, 51.666388], [-4.849387, 51.672563], [-4.820617, 51.670502], [-4.811016, 51.675691], [-4.786428, 51.6796], [-4.768693, 51.67157], [-4.758046, 51.671479], [-4.757294, 51.667563], [-4.731984, 51.670325], [-4.712696, 51.665756], [-4.706978, 51.670149], [-4.698421, 51.67022], [-4.709253, 51.684299], [-4.711267, 51.703421], [-4.690459, 51.717191], [-4.682825, 51.726726], [-4.666533, 51.732905], [-4.639755, 51.734983], [-4.605778, 51.750511], [-4.576317, 51.752623], [-4.547588, 51.766725], [-4.501573, 51.767588], [-4.479649, 51.771549], [-4.462435, 51.770179], [-4.472506, 51.783149], [-4.503797, 51.7905], [-4.515056, 51.797364], [-4.513083, 51.801], [-4.495635, 51.809703], [-4.492295, 51.815558], [-4.495538, 51.818082]]}, "properties": {"name": "117: Haverfordwest – St. Clears (Partially Developed + Not Signed)", "source_file": "eurovelo-1.gpx", "point_count": 897, "distance_km": 73.53, "elevation_gain_m": 958.7, "elevation_loss_m": 1033.5}}, {"type": "Feature", "geometry": {"type": "LineString", "coordinates": [[-4.495538, 51.818082], [-4.468281, 51.825862], [-4.469865, 51.804078], [-4.450361, 51.801488], [-4.449919, 51.807885], [-4.443355, 51.809222], [-4.440373, 51.814045], [-4.422631, 51.81155], [-4.415469, 51.821924], [-4.407966, 51.824276], [-4.395198, 51.835014], [-4.390366, 51.831787], [-4.37415, 51.83655], [-4.346745, 51.838436], [-4.334398, 51.847098], [-4.324423, 51.849107], [-4.324607, 51.85388], [-4.30414, 51.854368], [-4.309472, 51.845146], [-4.312464, 51.824958], [-4.310484, 51.81652], [-4.303624, 51.809949], [-4.303858, 51.801924], [-4.310565, 51.802182], [-4.313907, 51.794858], [-4.311921, 51.791571], [-4.324866, 51.787644], [-4.328067, 51.777326], [-4.344054, 51.773877], [-4.357319, 51.775292], [-4.365109, 51.771576], [-4.375337, 51.755655], [-4.373624, 51.748096], [-4.353286, 51.740824], [-4.30891, 51.738051], [-4.301119, 51.72126], [-4.288053, 51.717591], [-4.289487, 51.708552], [-4.286803, 51.706073], [-4.291242, 51.7024], [-4.290467, 51.696723], [-4.279069, 51.687473], [-4.261811, 51.685622], [-4.245114, 51.678551], [-4.218358, 51.687239], [-4.180296, 51.680898]]}, "properties": {"name": "118: St. Clears – Llanelli (Developed + Not Signed)", "source_file": "eurovelo-1.gpx", "point_count": 630, "distance_km": 57.27, "elevation_gain_m": 576.2, "elevation_loss_m": 575.7}}, {"type": "Feature", "geometry": {"type": "LineString", "coordinates": [[-4.180296, 51.680898], [-4.162396, 51.661128], [-4.153257, 51.655537], [-4.148646, 51.655439], [-4.133018, 51.668558], [-4.125282, 51.668944], [-4.122049, 51.665101], [-4.123731, 51.662864], [-4.113698, 51.659562], [-4.090012, 51.66603], [-4.064741, 51.659624], [-4.05529, 51.655206], [-4.052698, 51.649809], [-4.039058, 51.649495], [-4.031323, 51.641261], [-4.030625, 51.626811], [-4.035286, 51.622115], [-4.034422, 51.618082], [-4.023581, 51.610916], [-4.006577, 51.607898], [-3.998231, 51.599022], [-3.96646, 51.611594], [-3.929415, 51.614693], [-3.934434, 51.621503], [-3.89066, 51.621579], [-3.867037, 51.626514], [-3.843864, 51.625197], [-3.838039, 51.628115], [-3.836357, 51.632949], [-3.828424, 51.632094], [-3.821676, 51.629632], [-3.826417, 51.626059], [-3.825972, 51.622308], [-3.814297, 51.613341], [-3.816766, 51.608512], [-3.811436, 51.603013], [-3.796511, 51.59254], [-3.778853, 51.589246], [-3.75959, 51.575412], [-3.757556, 51.570091], [-3.746771, 51.568069], [-3.740985, 51.562287], [-3.723573, 51.567365], [-3.717808, 51.563308], [-3.705394, 51.561794], [-3.711196, 51.549208], [-3.694786, 51.537286], [-3.690452, 51.543111], [-3.683625, 51.533287], [-3.681972, 51.535855], [-3.652916, 51.539753], [-3.623078, 51.538128], [-3.618018, 51.53935], [-3.617902, 51.543951], [-3.605224, 51.547312], [-3.597834, 51.544145]]}, "properties": {"name": "119: Llanelli – Tondu (Partially Developed + Not Signed)", "source_file": "eurovelo-1.gpx", "point_count": 1024, "distance_km": 66.0, "elevation_gain_m": 530.8, "elevation_loss_m": 488.1}}, {"type": "Feature", "geometry": {"type": "LineString", "coordinates": [[-3.597834, 51.544145], [-3.591663, 51.546936], [-3.588313, 51.542121], [-3.58576, 51.542868], [-3.58147, 51.550451], [-3.543209, 51.565377], [-3.534401, 51.571614], [-3.50557, 51.569545], [-3.479064, 51.577408], [-3.449651, 51.570893], [-3.422701, 51.570237], [-3.417219, 51.560186], [-3.39796, 51.551207], [-3.394978, 51.546017], [-3.385622, 51.541207], [-3.384442, 51.537193], [-3.389747, 51.533169], [-3.369073, 51.53449], [-3.353964, 51.545564], [-3.334569, 51.546895], [-3.335154, 51.549799], [-3.304078, 51.565828], [-3.306757, 51.575218], [-3.325101, 51.587619], [-3.325685, 51.594798], [-3.322469, 51.595635], [-3.29345, 51.582503], [-3.260765, 51.563584], [-3.26196, 51.561437], [-3.211488, 51.576802], [-3.213509, 51.578255], [-3.211308, 51.580212], [-3.200152, 51.583092], [-3.203742, 51.586262], [-3.199457, 51.589154], [-3.190707, 51.586897], [-3.144956, 51.597442], [-3.141474, 51.594939], [-3.14319, 51.593726], [-3.132455, 51.58875], [-3.125923, 51.579534], [-3.109004, 51.575909], [-3.094013, 51.562769], [-3.083708, 51.564411], [-3.0707, 51.573271], [-3.045285, 51.577519], [-3.035941, 51.566641], [-3.035457, 51.561452], [-3.021248, 51.555537], [-3.010752, 51.560324], [-3.007513, 51.567374], [-2.993906, 51.572531], [-2.987339, 51.57116], [-2.978834, 51.576127]]}, "properties": {"name": "120: Tondu – Newport (Partially Developed + Not Signed)", "source_file": "eurovelo-1.gpx", "point_count": 1012, "distance_km": 69.41, "elevation_gain_m": 646.0, "elevation_loss_m": 688.6}}, {"type": "Feature", "geometry": {"type": "LineString", "coordinates": [[-2.978834, 51.576127], [-2.968709, 51.576555], [-2.969356, 51.565949], [-2.951867, 51.560314], [-2.941115, 51.561911], [-2.934593, 51.558356], [-2.914459, 51.564998], [-2.909614, 51.560755], [-2.900509, 51.565043], [-2.892317, 51.559288], [-2.869133, 51.566369], [-2.858117, 51.557306], [-2.847792, 51.557262], [-2.848478, 51.55288], [-2.843823, 51.552794], [-2.821798, 51.565224], [-2.814095, 51.571752], [-2.81463, 51.576441], [-2.808953, 51.579556], [-2.799155, 51.579045], [-2.794648, 51.573275], [-2.776756, 51.578865], [-2.778947, 51.58229], [-2.770402, 51.580844], [-2.759661, 51.584025], [-2.752068, 51.595211], [-2.758828, 51.600383], [-2.758414, 51.603865], [-2.76378, 51.605257], [-2.764694, 51.610685], [-2.739643, 51.608495], [-2.713079, 51.620395], [-2.716327, 51.62321], [-2.703085, 51.626645], [-2.706438, 51.629185], [-2.705515, 51.634722], [-2.687573, 51.63847], [-2.673554, 51.622028], [-2.621947, 51.601778], [-2.621727, 51.599265], [-2.630742, 51.59759], [-2.634348, 51.591132], [-2.632162, 51.588424], [-2.639668, 51.581908], [-2.640706, 51.578432], [-2.633979, 51.575039], [-2.636593, 51.568972], [-2.641919, 51.567086], [-2.642641, 51.563419], [-2.65206, 51.568924], [-2.660426, 51.564839], [-2.65423, 51.552509], [-2.644729, 51.544819], [-2.622308, 51.537804], [-2.618701, 51.534889], [-2.621706, 51.53348], [-2.620506, 51.531006], [-2.613089, 51.526629], [-2.630186, 51.509347], [-2.626257, 51.507148], [-2.623954, 51.499607], [-2.615319, 51.502455], [-2.616553, 51.495591], [-2.627594, 51.483439], [-2.619275, 51.47846], [-2.624079, 51.474415], [-2.60975, 51.470523], [-2.603171, 51.456412], [-2.59758, 51.4562], [-2.596584, 51.449921]]}, "properties": {"name": "121: Newport – Bristol (Partially Developed + Not Signed)", "source_file": "eurovelo-1.gpx", "point_count": 785, "distance_km": 67.57, "elevation_gain_m": 409.6, "elevation_loss_m": 401.7}}, {"type": "Feature", "geometry": {"type": "LineString", "coordinates": [[-2.596855, 51.449977], [-2.577201, 51.448387], [-2.576867, 51.444502], [-2.572098, 51.443348], [-2.558577, 51.445033], [-2.560761, 51.439251], [-2.555859, 51.433698], [-2.558384, 51.426296], [-2.552506, 51.400841], [-2.561176, 51.392641], [-2.586574, 51.382292], [-2.586413, 51.37812], [-2.610164, 51.367032], [-2.608306, 51.361014], [-2.612542, 51.351042], [-2.620762, 51.351226], [-2.625652, 51.343533], [-2.63357, 51.34458], [-2.6379, 51.340676], [-2.640783, 51.32369], [-2.649696, 51.325035], [-2.651177, 51.322735], [-2.650995, 51.306765], [-2.668106, 51.297173], [-2.706456, 51.283918], [-2.692156, 51.264482], [-2.681282, 51.262503], [-2.67767, 51.253972], [-2.691915, 51.236483], [-2.681083, 51.228215], [-2.671678, 51.226385], [-2.66892, 51.217885], [-2.652534, 51.208392], [-2.645839, 51.209294]]}, "properties": {"name": "122: Bristol – Wells (Developed + Not Signed)", "source_file": "eurovelo-1.gpx", "point_count": 466, "distance_km": 41.18, "elevation_gain_m": 512.8, "elevation_loss_m": 479.5}}, {"type": "Feature", "geometry": {"type": "LineString", "coordinates": [[-2.645839, 51.209294], [-2.642981, 51.207827], [-2.651962, 51.204201], [-2.628582, 51.197917], [-2.630063, 51.191168], [-2.64303, 51.187411], [-2.651423, 51.179197], [-2.697283, 51.168803], [-2.700306, 51.161717], [-2.71195, 51.159808], [-2.726844, 51.146456], [-2.735531, 51.14615], [-2.736632, 51.150071], [-2.755962, 51.1497], [-2.76017, 51.147194], [-2.760459, 51.142357], [-2.775507, 51.144531], [-2.781181, 51.135279], [-2.809068, 51.132077], [-2.826825, 51.140441], [-2.847462, 51.137848], [-2.874435, 51.149942], [-2.89568, 51.155901], [-2.920404, 51.157462], [-2.921076, 51.160777], [-2.942279, 51.152684], [-2.945386, 51.148573], [-2.928404, 51.135169], [-2.935849, 51.136233], [-2.95269, 51.128916], [-2.947179, 51.126247], [-2.948156, 51.12393], [-2.963523, 51.111359], [-2.993067, 51.117201], [-3.001438, 51.128844]]}, "properties": {"name": "123: Wells – Bridgwater (Developed + Not Signed)", "source_file": "eurovelo-1.gpx", "point_count": 420, "distance_km": 43.52, "elevation_gain_m": 198.7, "elevation_loss_m": 234.8}}, {"type": "Feature", "geometry": {"type": "LineString", "coordinates": [[-3.001438, 51.128844], [-2.995598, 51.116038], [-2.975694, 51.10562], [-2.969745, 51.087005], [-2.978415, 51.078442], [-2.989182, 51.079167], [-2.996428, 51.075019], [-2.988294, 51.064704], [-2.990366, 51.051621], [-2.994871, 51.045492], [-3.022392, 51.027656], [-3.037941, 51.024251], [-3.068205, 51.030147], [-3.080499, 51.02958], [-3.107098, 51.015424], [-3.146902, 51.015293], [-3.154252, 51.018662], [-3.160422, 51.016226], [-3.171655, 51.019567], [-3.181067, 51.014041], [-3.201136, 51.01373], [-3.207812, 51.009694], [-3.20367, 51.005528], [-3.219209, 50.999656], [-3.229016, 50.997973], [-3.252803, 51.003491], [-3.282706, 50.991116], [-3.304874, 50.993778], [-3.304381, 50.985218], [-3.299892, 50.984505], [-3.302776, 50.981502], [-3.300513, 50.976326], [-3.302438, 50.97232], [-3.313701, 50.973799], [-3.324461, 50.981235], [-3.324351, 50.985116], [-3.329893, 50.985197], [-3.338255, 50.993604], [-3.40004, 50.994557], [-3.401082, 50.986457], [-3.408031, 50.983623], [-3.417018, 50.985633], [-3.417858, 50.983335], [-3.432073, 50.986728], [-3.438173, 50.984461], [-3.467367, 50.986163], [-3.48677, 50.990949]]}, "properties": {"name": "124: Bridgwater – Bampton (Partially Developed + Not Signed)", "source_file": "eurovelo-1.gpx", "point_count": 764, "distance_km": 59.26, "elevation_gain_m": 525.8, "elevation_loss_m": 431.5}}, {"type": "Feature", "geometry": {"type": "LineString", "coordinates": [[-3.48677, 50.990949], [-3.463054, 51.006416], [-3.475405, 51.00618], [-3.473958, 51.011661], [-3.482088, 51.01612], [-3.493291, 51.014745], [-3.496798, 51.021958], [-3.518995, 51.023591], [-3.533171, 51.021316], [-3.540401, 51.030734], [-3.554516, 51.039874], [-3.554404, 51.036847], [-3.557978, 51.035676], [-3.581478, 51.045426], [-3.622818, 51.045493], [-3.673864, 51.058555], [-3.700925, 51.061308], [-3.696539, 51.073561], [-3.722506, 51.077926], [-3.726157, 51.084821], [-3.741422, 51.08983], [-3.767322, 51.105739], [-3.791162, 51.111239], [-3.821153, 51.123059], [-3.826985, 51.126702], [-3.827634, 51.132565], [-3.834714, 51.138975], [-3.854806, 51.133583], [-3.868983, 51.1257], [-3.892152, 51.125836], [-3.910144, 51.130544], [-3.933382, 51.123417], [-3.921494, 51.119674], [-3.919176, 51.113239], [-3.90894, 51.111719], [-3.908293, 51.096596], [-3.937461, 51.084633], [-4.0202, 51.08092], [-4.028057, 51.07422], [-4.03868, 51.073924], [-4.049373, 51.067292], [-4.057656, 51.068856], [-4.056137, 51.072652], [-4.060757, 51.07676]]}, "properties": {"name": "125: Bampton – Barnstaple (Developed + Not Signed)", "source_file": "eurovelo-1.gpx", "point_count": 528, "distance_km": 63.47, "elevation_gain_m": 881.4, "elevation_loss_m": 984.1}}, {"type": "Feature", "geometry": {"type": "LineString", "coordinates": [[-4.060757, 51.07676], [-4.062934, 51.074065], [-4.111834, 51.081968], [-4.169672, 51.068554], [-4.175385, 51.063243], [-4.179977, 51.047551], [-4.196698, 51.032415], [-4.196857, 51.023382], [-4.202786, 51.008632], [-4.192729, 51.000066], [-4.197887, 50.991547], [-4.19734, 50.986992], [-4.187839, 50.976437], [-4.172864, 50.973704], [-4.173399, 50.965026], [-4.164629, 50.956189], [-4.176985, 50.948502], [-4.180872, 50.935973], [-4.158498, 50.919979], [-4.160652, 50.912929], [-4.140946, 50.909162], [-4.130786, 50.903549], [-4.128454, 50.898433], [-4.130749, 50.889899], [-4.118773, 50.884379], [-4.109776, 50.875632], [-4.113019, 50.870358], [-4.123813, 50.864418], [-4.152479, 50.861472], [-4.153917, 50.85627], [-4.149633, 50.848256], [-4.150864, 50.830999], [-4.156073, 50.825857], [-4.154396, 50.818134], [-4.13365, 50.82412], [-4.117447, 50.82334], [-4.113063, 50.813839], [-4.101191, 50.812633], [-4.091543, 50.819253], [-4.079482, 50.815417], [-4.068415, 50.820998], [-4.051163, 50.822323], [-4.041191, 50.815884], [-4.012886, 50.811818], [-4.011997, 50.804787], [-3.99791, 50.778993], [-4.00303, 50.750475], [-3.995042, 50.748598], [-4.001039, 50.739677]]}, "properties": {"name": "126: Barnstaple – Okehampton (Developed + Not Signed)", "source_file": "eurovelo-1.gpx", "point_count": 643, "distance_km": 66.25, "elevation_gain_m": 776.3, "elevation_loss_m": 626.9}}, {"type": "Feature", "geometry": {"type": "LineString", "coordinates": [[-4.001039, 50.739677], [-4.00149, 50.733648], [-3.998064, 50.73234], [-4.00607, 50.727119], [-4.020897, 50.72345], [-4.035603, 50.712442], [-4.055934, 50.707868], [-4.07591, 50.69144], [-4.078292, 50.677796], [-4.093988, 50.664153], [-4.099461, 50.648113], [-4.110383, 50.64262], [-4.108657, 50.638645], [-4.118659, 50.62844], [-4.130773, 50.62827], [-4.147453, 50.619438], [-4.143505, 50.617953], [-4.148126, 50.612869], [-4.14002, 50.609845], [-4.138351, 50.601104], [-4.125344, 50.600548], [-4.112596, 50.595137], [-4.100114, 50.578235], [-4.105815, 50.572056], [-4.115675, 50.571117], [-4.125129, 50.564507], [-4.127894, 50.56651], [-4.130235, 50.560914], [-4.144528, 50.550932], [-4.143445, 50.54856], [-4.155857, 50.540578], [-4.136138, 50.533968], [-4.127219, 50.525414], [-4.123097, 50.513862], [-4.106918, 50.509491], [-4.100518, 50.504655], [-4.101883, 50.502102], [-4.096377, 50.493177], [-4.087024, 50.491996], [-4.091768, 50.485822], [-4.087568, 50.482448], [-4.087461, 50.476746], [-4.093011, 50.468539], [-4.089019, 50.466865], [-4.081672, 50.471395], [-4.071669, 50.458756], [-4.078285, 50.445883], [-4.077022, 50.439326], [-4.08649, 50.42833], [-4.076241, 50.412465], [-4.087353, 50.401592], [-4.08169, 50.393174], [-4.084941, 50.390711], [-4.082757, 50.384283], [-4.099203, 50.379698], [-4.103899, 50.370456], [-4.110608, 50.369656], [-4.11602, 50.362302], [-4.131096, 50.366566], [-4.134849, 50.363298], [-4.149622, 50.362864], [-4.153038, 50.367981]]}, "properties": {"name": "127: Okehampton – Plymouth (Developed + Not Signed)", "source_file": "eurovelo-1.gpx", "point_count": 946, "distance_km": 65.74, "elevation_gain_m": 810.3, "elevation_loss_m": 958.3}}, {"type": "Feature", "geometry": {"type": "LineString", "coordinates": [[-3.967394, 48.721604], [-3.971221, 48.721378], [-3.973813, 48.711399], [-3.979968, 48.707517], [-3.987443, 48.684951], [-3.980775, 48.676434], [-3.954331, 48.659397], [-3.958722, 48.651705], [-3.953731, 48.64487], [-3.962178, 48.643721], [-3.969467, 48.638269], [-3.961195, 48.627097], [-3.954686, 48.626307], [-3.953625, 48.618886], [-3.942671, 48.609739], [-3.940164, 48.601643], [-3.931048, 48.594811], [-3.900401, 48.594287], [-3.880093, 48.584976], [-3.879194, 48.582152], [-3.868106, 48.582381], [-3.863306, 48.586159], [-3.853384, 48.578015], [-3.849061, 48.585403], [-3.846677, 48.582229], [-3.837687, 48.586863], [-3.826568, 48.577253]]}, "properties": {"name": "128: Roscoff – Morlaix (Certified)", "source_file": "eurovelo-1.gpx", "point_count": 507, "distance_km": 30.32, "elevation_gain_m": 426.9, "elevation_loss_m": 414.9}}, {"type": "Feature", "geometry": {"type": "LineString", "coordinates": [[-3.826504, 48.577219], [-3.802596, 48.570502], [-3.796575, 48.56048], [-3.765121, 48.539331], [-3.762156, 48.530064], [-3.765963, 48.52378], [-3.754873, 48.506438], [-3.758575, 48.484407], [-3.750872, 48.477356], [-3.746742, 48.466087], [-3.722254, 48.464274], [-3.724756, 48.459207], [-3.722884, 48.453219], [-3.72645, 48.449254], [-3.721487, 48.440763], [-3.728417, 48.43529], [-3.727504, 48.430088], [-3.718563, 48.42511], [-3.715767, 48.417233], [-3.689686, 48.406491], [-3.684232, 48.395329], [-3.688996, 48.38631], [-3.685042, 48.37398], [-3.680402, 48.371022], [-3.686114, 48.362749], [-3.680842, 48.34207], [-3.660116, 48.343016], [-3.626549, 48.331148], [-3.605053, 48.328127], [-3.59691, 48.32186], [-3.598653, 48.3149], [-3.574622, 48.308045], [-3.554661, 48.294529], [-3.56212, 48.28613], [-3.561369, 48.279437], [-3.564008, 48.276974]]}, "properties": {"name": "129: Morlaix – Carhaix-Plouguer (Certified)", "source_file": "eurovelo-1.gpx", "point_count": 558, "distance_km": 48.19, "elevation_gain_m": 533.8, "elevation_loss_m": 420.9}}, {"type": "Feature", "geometry": {"type": "LineString", "coordinates": [[-3.563992, 48.277041], [-3.565384, 48.273167], [-3.561678, 48.272793], [-3.563936, 48.268], [-3.57934, 48.259942], [-3.578251, 48.255604], [-3.586784, 48.245059], [-3.554585, 48.254661], [-3.540281, 48.253326], [-3.532282, 48.256178], [-3.5281, 48.252494], [-3.524537, 48.257197], [-3.503774, 48.257208], [-3.49787, 48.253416], [-3.487757, 48.253192], [-3.464143, 48.256774], [-3.456457, 48.251515], [-3.442566, 48.256061], [-3.424826, 48.245945], [-3.422447, 48.238114], [-3.40827, 48.230551], [-3.389993, 48.23947], [-3.379922, 48.240411], [-3.372061, 48.237446], [-3.371905, 48.231696], [-3.360098, 48.228559], [-3.360912, 48.224999], [-3.355836, 48.222374], [-3.346042, 48.223934], [-3.329453, 48.211334], [-3.318501, 48.211069], [-3.304887, 48.205104]]}, "properties": {"name": "130: Carhaix-Plouguer – Rostrenen (Certified)", "source_file": "eurovelo-1.gpx", "point_count": 360, "distance_km": 32.83, "elevation_gain_m": 247.7, "elevation_loss_m": 215.1}}, {"type": "Feature", "geometry": {"type": "LineString", "coordinates": [[-3.304887, 48.205104], [-3.287483, 48.201203], [-3.280515, 48.205628], [-3.27068, 48.200393], [-3.272181, 48.196558], [-3.244264, 48.194358], [-3.235045, 48.207667], [-3.219027, 48.20619], [-3.207129, 48.217048], [-3.187482, 48.226277], [-3.173218, 48.224784], [-3.16925, 48.218861], [-3.161467, 48.21985], [-3.160513, 48.214908], [-3.155242, 48.21188], [-3.143107, 48.214541], [-3.130055, 48.212038], [-3.128863, 48.216048], [-3.123523, 48.218421], [-3.108912, 48.21323], [-3.08096, 48.21914], [-3.063111, 48.215087], [-3.053986, 48.217312], [-3.044645, 48.214738], [-3.025367, 48.217367], [-3.011425, 48.215758], [-3.00081, 48.20738], [-3.000299, 48.200036]]}, "properties": {"name": "131: Rostrenen – Mûr-de-Bretagne (Certified)", "source_file": "eurovelo-1.gpx", "point_count": 381, "distance_km": 30.42, "elevation_gain_m": 230.0, "elevation_loss_m": 231.2}}, {"type": "Feature", "geometry": {"type": "LineString", "coordinates": [[-3.000299, 48.200036], [-3.000287, 48.197668], [-3.00852, 48.195745], [-3.013085, 48.18855], [-3.017138, 48.190036], [-3.012362, 48.186638], [-3.007078, 48.17389], [-2.994451, 48.17042], [-3.000334, 48.158838], [-3.010571, 48.15874], [-3.011766, 48.152859], [-3.002352, 48.144692], [-3.010865, 48.137847], [-3.002008, 48.133751], [-3.013916, 48.1284], [-3.01499, 48.12423], [-3.01157, 48.121582], [-2.995001, 48.122811], [-2.992853, 48.116762], [-3.004362, 48.109506], [-2.9848, 48.086247], [-2.984647, 48.076681], [-2.971461, 48.076258], [-2.966102, 48.072257], [-2.962291, 48.074368]]}, "properties": {"name": "132: Mûr-de-Bretagne – Pontivy (Certified)", "source_file": "eurovelo-1.gpx", "point_count": 305, "distance_km": 23.02, "elevation_gain_m": 122.3, "elevation_loss_m": 222.7}}, {"type": "Feature", "geometry": {"type": "LineString", "coordinates": [[-2.962291, 48.074368], [-2.937256, 48.089473], [-2.936587, 48.096632], [-2.940685, 48.106511], [-2.913138, 48.105878], [-2.911716, 48.112091], [-2.903377, 48.114966], [-2.884779, 48.114512], [-2.857415, 48.119866], [-2.850679, 48.118617], [-2.84755, 48.113642], [-2.834949, 48.116642], [-2.808818, 48.105962], [-2.781686, 48.105738], [-2.775771, 48.087399], [-2.768358, 48.087154], [-2.749483, 48.066649], [-2.735875, 48.060901], [-2.733135, 48.057909], [-2.734673, 48.052523], [-2.714696, 48.041607], [-2.697704, 48.023962], [-2.68383, 48.021966], [-2.670906, 48.009128], [-2.662999, 48.010599], [-2.652069, 48.002915], [-2.654795, 47.991282], [-2.648239, 47.984397], [-2.641531, 47.98396], [-2.624668, 47.974911], [-2.619301, 47.966016], [-2.622217, 47.959413], [-2.611592, 47.957873], [-2.604696, 47.961554], [-2.591024, 47.960043], [-2.574449, 47.952985], [-2.548246, 47.952588]]}, "properties": {"name": "133: Pontivy – Josselin (Certified)", "source_file": "eurovelo-1.gpx", "point_count": 484, "distance_km": 48.14, "elevation_gain_m": 198.8, "elevation_loss_m": 216.8}}, {"type": "Feature", "geometry": {"type": "LineString", "coordinates": [[-2.548246, 47.952588], [-2.535125, 47.935419], [-2.527732, 47.931085], [-2.506526, 47.927272], [-2.50059, 47.922698], [-2.492724, 47.922799], [-2.483434, 47.916415], [-2.481222, 47.909667], [-2.465027, 47.899972], [-2.45814, 47.8999], [-2.450325, 47.886879], [-2.436293, 47.888032], [-2.42618, 47.883811], [-2.423355, 47.880017], [-2.427549, 47.871621], [-2.446231, 47.865009], [-2.446389, 47.853004], [-2.441497, 47.844223], [-2.434194, 47.839767], [-2.41725, 47.836414], [-2.382027, 47.811251], [-2.378985, 47.805761], [-2.355336, 47.808218], [-2.331415, 47.802883], [-2.326017, 47.796508], [-2.327114, 47.792303], [-2.320773, 47.789583], [-2.314031, 47.778605], [-2.317737, 47.765306], [-2.315534, 47.757283], [-2.294311, 47.750056], [-2.287791, 47.74456], [-2.277071, 47.74273], [-2.268615, 47.746376], [-2.262316, 47.744994], [-2.251572, 47.736496], [-2.23507, 47.741046], [-2.214474, 47.728845], [-2.213088, 47.725226]]}, "properties": {"name": "134: Josselin – Peillac (Certified)", "source_file": "eurovelo-1.gpx", "point_count": 584, "distance_km": 45.91, "elevation_gain_m": 177.0, "elevation_loss_m": 213.2}}, {"type": "Feature", "geometry": {"type": "LineString", "coordinates": [[-2.213088, 47.725226], [-2.124307, 47.71347], [-2.119228, 47.708595], [-2.125475, 47.691124], [-2.121917, 47.68837], [-2.123248, 47.684781], [-2.094537, 47.676837], [-2.088959, 47.672253], [-2.089031, 47.669305], [-2.098108, 47.664516], [-2.101648, 47.654589], [-2.08432, 47.648332]]}, "properties": {"name": "135: Peillac – Redon (Certified)", "source_file": "eurovelo-1.gpx", "point_count": 124, "distance_km": 17.32, "elevation_gain_m": 51.0, "elevation_loss_m": 58.9}}, {"type": "Feature", "geometry": {"type": "LineString", "coordinates": [[-2.08432, 47.648332], [-2.071677, 47.643338], [-2.083693, 47.604309], [-2.090524, 47.598432], [-2.075467, 47.576261], [-2.01395, 47.565228], [-2.007669, 47.561458], [-1.995131, 47.544027], [-1.964772, 47.542395], [-1.959805, 47.531272], [-1.962317, 47.525782], [-1.955921, 47.522827], [-1.950437, 47.525396], [-1.945071, 47.523291], [-1.944814, 47.507861], [-1.924225, 47.510194], [-1.923866, 47.505209], [-1.932663, 47.503026], [-1.931336, 47.497721], [-1.913231, 47.497199], [-1.910333, 47.484109], [-1.890638, 47.483748], [-1.880258, 47.479747], [-1.869657, 47.465924], [-1.856768, 47.465653], [-1.843581, 47.47513], [-1.807609, 47.468268], [-1.776298, 47.473388], [-1.767327, 47.470513]]}, "properties": {"name": "136: Redon – Blain (Certified)", "source_file": "eurovelo-1.gpx", "point_count": 491, "distance_km": 44.84, "elevation_gain_m": 137.1, "elevation_loss_m": 123.3}}, {"type": "Feature", "geometry": {"type": "LineString", "coordinates": [[-1.767327, 47.470513], [-1.740678, 47.458431], [-1.72004, 47.470406], [-1.684664, 47.470175], [-1.677339, 47.459493], [-1.652483, 47.450018], [-1.630525, 47.453132], [-1.629157, 47.45998], [-1.607866, 47.460102], [-1.60062, 47.454412], [-1.577047, 47.449737], [-1.553627, 47.439365], [-1.53959, 47.439578], [-1.536535, 47.434821], [-1.528481, 47.433605], [-1.532278, 47.425841]]}, "properties": {"name": "137: Blain – Nort-sur-Erdre (Certified)", "source_file": "eurovelo-1.gpx", "point_count": 260, "distance_km": 23.57, "elevation_gain_m": 49.1, "elevation_loss_m": 52.3}}, {"type": "Feature", "geometry": {"type": "LineString", "coordinates": [[-1.532278, 47.425841], [-1.536057, 47.418739], [-1.53536, 47.411094], [-1.532509, 47.406575], [-1.525749, 47.406727], [-1.518933, 47.402225], [-1.527799, 47.406837], [-1.536448, 47.402228], [-1.533249, 47.400921], [-1.536724, 47.399799], [-1.527764, 47.395311], [-1.532251, 47.389672], [-1.51349, 47.38508], [-1.507816, 47.381751], [-1.506711, 47.376483], [-1.514126, 47.373689], [-1.516898, 47.367986], [-1.526138, 47.365179], [-1.520994, 47.356261], [-1.527112, 47.344054], [-1.524763, 47.339931], [-1.534826, 47.334904], [-1.53701, 47.327165], [-1.535096, 47.322497], [-1.543289, 47.316043], [-1.542688, 47.308641], [-1.548163, 47.299181], [-1.550462, 47.285604], [-1.542953, 47.258871], [-1.539485, 47.256568], [-1.541007, 47.251699], [-1.549121, 47.252225], [-1.551988, 47.243434], [-1.556259, 47.24193], [-1.548709, 47.232852], [-1.553124, 47.228476], [-1.551305, 47.221648], [-1.557094, 47.218562], [-1.554102, 47.212615], [-1.561695, 47.209862]]}, "properties": {"name": "138: Nort-sur-Erdre – Nantes (Certified)", "source_file": "eurovelo-1.gpx", "point_count": 617, "distance_km": 34.78, "elevation_gain_m": 229.4, "elevation_loss_m": 235.0}}, {"type": "Feature", "geometry": {"type": "LineString", "coordinates": [[-1.561695, 47.209862], [-1.574435, 47.199701], [-1.561785, 47.199765], [-1.562518, 47.196323], [-1.582642, 47.195111], [-1.587501, 47.188477], [-1.608213, 47.184121], [-1.622552, 47.184849], [-1.624817, 47.182376], [-1.622267, 47.180619], [-1.630965, 47.181791], [-1.636631, 47.177828], [-1.652899, 47.178682], [-1.657124, 47.1827], [-1.665901, 47.174583], [-1.677415, 47.179949], [-1.674186, 47.185264], [-1.677077, 47.188951], [-1.694578, 47.19284], [-1.698224, 47.196823], [-1.714353, 47.19506], [-1.723797, 47.199682], [-1.755203, 47.202969]]}, "properties": {"name": "139: Nantes – Le Pellerin (Certified)", "source_file": "eurovelo-1.gpx", "point_count": 291, "distance_km": 23.92, "elevation_gain_m": 135.8, "elevation_loss_m": 136.6}}, {"type": "Feature", "geometry": {"type": "LineString", "coordinates": [[-1.755203, 47.202969], [-1.786299, 47.208265], [-1.813444, 47.208973], [-1.921204, 47.261717], [-1.948542, 47.267297], [-1.952988, 47.264836], [-1.979378, 47.274355], [-1.999514, 47.275739], [-2.006813, 47.279567], [-2.00964, 47.277515], [-2.014866, 47.279313], [-2.017332, 47.285956], [-2.029171, 47.289965], [-2.039652, 47.288926], [-2.059297, 47.277507], [-2.063584, 47.281441], [-2.076649, 47.281094], [-2.133005, 47.27425], [-2.150159, 47.268592], [-2.168488, 47.268049]]}, "properties": {"name": "140: Le Pellerin – Saint-Brevin-les-Pins (Certified)", "source_file": "eurovelo-1.gpx", "point_count": 388, "distance_km": 37.34, "elevation_gain_m": 78.8, "elevation_loss_m": 79.0}}, {"type": "Feature", "geometry": {"type": "LineString", "coordinates": [[-2.168488, 47.268049], [-2.171307, 47.239483], [-2.169246, 47.238784], [-2.178995, 47.231789], [-2.1575, 47.211567], [-2.152232, 47.20276], [-2.15291, 47.19728], [-2.147428, 47.193245], [-2.15068, 47.182845], [-2.148677, 47.181331], [-2.156655, 47.176068], [-2.163857, 47.176021], [-2.174769, 47.155221], [-2.197785, 47.157875], [-2.222376, 47.153254], [-2.228553, 47.144772], [-2.226112, 47.139686], [-2.233588, 47.141464], [-2.236083, 47.139515], [-2.23469, 47.135708], [-2.245177, 47.1351], [-2.243888, 47.132548], [-2.226923, 47.131248], [-2.2146, 47.124418], [-2.199164, 47.124699], [-2.193536, 47.131232], [-2.181781, 47.128224], [-2.171286, 47.129933], [-2.168849, 47.128751], [-2.17261, 47.121671], [-2.148308, 47.116247], [-2.14435, 47.112338], [-2.115359, 47.110535], [-2.098701, 47.114538]]}, "properties": {"name": "141: Saint-Brevin-les-Pins – Pornic (Certified)", "source_file": "eurovelo-1.gpx", "point_count": 502, "distance_km": 39.89, "elevation_gain_m": 232.9, "elevation_loss_m": 236.0}}, {"type": "Feature", "geometry": {"type": "LineString", "coordinates": [[-2.098598, 47.114567], [-2.107334, 47.10852], [-2.098421, 47.11045], [-2.079115, 47.103968], [-2.069159, 47.104929], [-2.052807, 47.095793], [-2.044796, 47.096266], [-2.040822, 47.093552], [-2.043595, 47.091098], [-2.035714, 47.088379], [-2.0399, 47.085086], [-2.037181, 47.083992], [-2.018682, 47.080355], [-2.015437, 47.083304], [-2.016862, 47.085916], [-1.993119, 47.075889], [-2.002373, 47.060784], [-1.990535, 47.050774], [-1.990524, 47.043404], [-1.978946, 47.0296], [-1.972815, 47.029212], [-1.970422, 47.034175], [-1.976131, 47.021698], [-1.986956, 47.013454], [-2.009877, 47.016615], [-2.027344, 47.009058], [-2.025654, 47.006685], [-2.028985, 46.997935], [-2.026627, 46.997181], [-2.037987, 46.997206], [-2.029809, 46.990471], [-2.030584, 46.981919], [-2.034877, 46.977822], [-2.033451, 46.96921]]}, "properties": {"name": "142: Pornic – Bouin (Certified)", "source_file": "eurovelo-1.gpx", "point_count": 541, "distance_km": 33.84, "elevation_gain_m": 132.3, "elevation_loss_m": 131.7}}, {"type": "Feature", "geometry": {"type": "LineString", "coordinates": [[-2.033451, 46.96921], [-2.043494, 46.967777], [-2.042412, 46.957047], [-2.047589, 46.949608], [-2.04331, 46.948126], [-2.044945, 46.946017], [-2.052665, 46.94059], [-2.070991, 46.936039], [-2.083352, 46.916449], [-2.081019, 46.912379], [-2.071345, 46.91102], [-2.063762, 46.913113], [-2.058145, 46.920002], [-2.048126, 46.919945], [-2.0417, 46.915068], [-2.041689, 46.904408], [-2.033085, 46.903236], [-2.035986, 46.892138], [-2.0242, 46.890025], [-2.025443, 46.880244], [-2.019026, 46.879254], [-2.019952, 46.87701], [-2.074666, 46.861299], [-2.099031, 46.872731], [-2.103223, 46.87171], [-2.109986, 46.889197], [-2.120875, 46.889391], [-2.122685, 46.886572], [-2.139262, 46.892172], [-2.14361, 46.890248], [-2.142828, 46.885663], [-2.149237, 46.884465]]}, "properties": {"name": "143: Bouin – La Barre-de-Monts-Fromentine (Certified)", "source_file": "eurovelo-1.gpx", "point_count": 569, "distance_km": 34.24, "elevation_gain_m": 82.5, "elevation_loss_m": 76.0}}, {"type": "Feature", "geometry": {"type": "LineString", "coordinates": [[-2.149164, 46.884398], [-2.14257, 46.883307], [-2.141151, 46.878872], [-2.125094, 46.878475], [-2.124968, 46.863537], [-2.118113, 46.859151], [-2.134841, 46.84156], [-2.139251, 46.841607], [-2.1375, 46.837002], [-2.140166, 46.830762], [-2.137089, 46.820341], [-2.117708, 46.810309], [-2.076972, 46.798201], [-2.081757, 46.791645], [-2.079886, 46.786861], [-2.051928, 46.770639], [-2.029134, 46.763389], [-2.00668, 46.740183], [-1.993311, 46.742077], [-1.979562, 46.724838], [-1.968815, 46.718607], [-1.980628, 46.709677], [-1.96754, 46.693718], [-1.94714, 46.698104], [-1.940479, 46.695808]]}, "properties": {"name": "144: La Barre-de-Monts-Fromentine – Saint-Gilles-Croix-de-Vie (Certified)", "source_file": "eurovelo-1.gpx", "point_count": 602, "distance_km": 35.75, "elevation_gain_m": 153.9, "elevation_loss_m": 158.3}}, {"type": "Feature", "geometry": {"type": "LineString", "coordinates": [[-1.940479, 46.695808], [-1.934365, 46.69624], [-1.930196, 46.68451], [-1.907989, 46.671513], [-1.911054, 46.666825], [-1.906218, 46.666671], [-1.905906, 46.661428], [-1.898264, 46.65811], [-1.897534, 46.651301], [-1.893029, 46.648995], [-1.894368, 46.639284], [-1.89052, 46.63529], [-1.875096, 46.628369], [-1.870825, 46.617936], [-1.85864, 46.614258], [-1.860814, 46.613287], [-1.85465, 46.610892], [-1.850143, 46.60264], [-1.840495, 46.60417], [-1.836501, 46.60168], [-1.836228, 46.595629], [-1.832976, 46.59569], [-1.839573, 46.585545], [-1.837339, 46.581105], [-1.822626, 46.57644], [-1.818665, 46.571033], [-1.820188, 46.568772], [-1.809973, 46.563414], [-1.808739, 46.557789], [-1.816239, 46.554808], [-1.809918, 46.550456], [-1.810369, 46.544233], [-1.801568, 46.542738], [-1.808911, 46.530132], [-1.806945, 46.525294], [-1.813297, 46.52373], [-1.809744, 46.515226], [-1.818459, 46.510316], [-1.816877, 46.50616], [-1.80546, 46.50175], [-1.789112, 46.504614], [-1.785037, 46.498446], [-1.794899, 46.495959], [-1.791137, 46.494619]]}, "properties": {"name": "145: Saint-Gilles-Croix-de-Vie – Les Sables-d'Olonne (Certified)", "source_file": "eurovelo-1.gpx", "point_count": 804, "distance_km": 37.1, "elevation_gain_m": 205.9, "elevation_loss_m": 198.3}}, {"type": "Feature", "geometry": {"type": "LineString", "coordinates": [[-1.791137, 46.494619], [-1.781081, 46.49429], [-1.769929, 46.489187], [-1.75602, 46.475234], [-1.718932, 46.462294], [-1.710235, 46.453344], [-1.687024, 46.450676], [-1.662515, 46.439994], [-1.652889, 46.440276], [-1.648036, 46.443086], [-1.648515, 46.446628], [-1.635816, 46.448182], [-1.62925, 46.441723], [-1.602269, 46.441012], [-1.603003, 46.435615], [-1.588517, 46.427435], [-1.603109, 46.421696], [-1.598817, 46.419311], [-1.574858, 46.420418], [-1.574029, 46.417119], [-1.548809, 46.414127], [-1.549386, 46.411686], [-1.543724, 46.409412], [-1.515008, 46.413449], [-1.502168, 46.410415], [-1.504013, 46.406852], [-1.500526, 46.403327], [-1.492261, 46.407556], [-1.48592, 46.40086], [-1.489709, 46.395958], [-1.485541, 46.391769], [-1.491334, 46.389175], [-1.490107, 46.386502], [-1.486792, 46.384001], [-1.47056, 46.384918], [-1.466215, 46.382411], [-1.466805, 46.373938], [-1.462276, 46.373297], [-1.456144, 46.364795], [-1.428296, 46.351728]]}, "properties": {"name": "146: Les Sables-d'Olonne – La Tranche-sur-Mer (Certified)", "source_file": "eurovelo-1.gpx", "point_count": 719, "distance_km": 44.1, "elevation_gain_m": 201.3, "elevation_loss_m": 210.7}}, {"type": "Feature", "geometry": {"type": "LineString", "coordinates": [[-1.428296, 46.351728], [-1.381562, 46.354206], [-1.352804, 46.347065], [-1.321751, 46.332629], [-1.314146, 46.335545], [-1.299215, 46.327505], [-1.280051, 46.309726], [-1.260435, 46.297634], [-1.254265, 46.303072], [-1.238209, 46.305837], [-1.244642, 46.315282], [-1.245823, 46.326123], [-1.242272, 46.329138], [-1.247712, 46.350856], [-1.216612, 46.359739], [-1.172452, 46.361091], [-1.123023, 46.329726], [-1.102102, 46.331579], [-1.084359, 46.317525], [-1.082177, 46.321267], [-1.071495, 46.317349], [-1.004366, 46.314229]]}, "properties": {"name": "147: La Tranche-sur-Mer – Marans (Certified)", "source_file": "eurovelo-1.gpx", "point_count": 338, "distance_km": 46.28, "elevation_gain_m": 53.2, "elevation_loss_m": 52.3}}, {"type": "Feature", "geometry": {"type": "LineString", "coordinates": [[-1.004366, 46.314229], [-1.023354, 46.3065], [-1.051717, 46.229772], [-1.045652, 46.211874], [-1.061632, 46.194244], [-1.055165, 46.194764], [-1.054306, 46.18649], [-1.077227, 46.170179], [-1.104244, 46.169431], [-1.147248, 46.153817]]}, "properties": {"name": "148: Marans – La Rochelle (Certified)", "source_file": "eurovelo-1.gpx", "point_count": 213, "distance_km": 25.4, "elevation_gain_m": 53.3, "elevation_loss_m": 49.2}}, {"type": "Feature", "geometry": {"type": "LineString", "coordinates": [[-1.147248, 46.153817], [-1.157597, 46.152825], [-1.159651, 46.144638], [-1.163611, 46.141949], [-1.161913, 46.138386], [-1.12745, 46.126696], [-1.123437, 46.113163], [-1.115778, 46.106985], [-1.118264, 46.103143], [-1.113872, 46.103871], [-1.100152, 46.094782], [-1.093261, 46.084409], [-1.096572, 46.082928], [-1.092986, 46.0623], [-1.086747, 46.058351], [-1.087641, 46.053437], [-1.068582, 46.050485], [-1.065334, 46.057853], [-1.058236, 46.056896], [-1.046608, 46.042335], [-1.039617, 46.04271], [-1.047876, 46.031253], [-1.045553, 46.020804], [-1.049323, 46.016287], [-1.039875, 45.996202], [-1.027493, 45.992478], [-1.031543, 45.986842], [-1.000226, 45.979884], [-0.983056, 45.968516], [-0.986349, 45.960618], [-0.980109, 45.957448], [-0.988242, 45.947487], [-0.995826, 45.950114], [-1.006188, 45.937268], [-1.004332, 45.931293], [-0.986024, 45.921508], [-0.979682, 45.920983], [-0.975016, 45.924176], [-0.964106, 45.917635], [-0.95679, 45.918288], [-0.949316, 45.926475], [-0.95782, 45.935642], [-0.954263, 45.946426], [-0.948151, 45.949326]]}, "properties": {"name": "149: La Rochelle – Rochefort (Certified)", "source_file": "eurovelo-1.gpx", "point_count": 653, "distance_km": 50.15, "elevation_gain_m": 157.6, "elevation_loss_m": 160.3}}, {"type": "Feature", "geometry": {"type": "LineString", "coordinates": [[-0.948151, 45.949326], [-0.928497, 45.950489], [-0.879695, 45.939542], [-0.86868, 45.928803], [-0.857372, 45.925439], [-0.859973, 45.91555], [-0.872158, 45.905874], [-0.882992, 45.902004], [-0.913646, 45.900315], [-0.936408, 45.888868], [-0.947485, 45.87805], [-0.968104, 45.874153], [-1.003938, 45.856407], [-1.024683, 45.839376], [-1.033921, 45.846097], [-1.04003, 45.839315], [-1.043773, 45.841281], [-1.053895, 45.833669], [-1.058012, 45.834738], [-1.061711, 45.827829], [-1.072118, 45.834483], [-1.084888, 45.829603], [-1.086655, 45.825779], [-1.098037, 45.834013], [-1.112493, 45.837419], [-1.113514, 45.831737], [-1.120101, 45.829946]]}, "properties": {"name": "150: Rochefort – Marennes (Certified)", "source_file": "eurovelo-1.gpx", "point_count": 443, "distance_km": 37.74, "elevation_gain_m": 116.7, "elevation_loss_m": 111.8}}, {"type": "Feature", "geometry": {"type": "LineString", "coordinates": [[-1.120101, 45.829946], [-1.130987, 45.819782], [-1.132573, 45.802907], [-1.156897, 45.785908], [-1.16337, 45.793118], [-1.183562, 45.786383], [-1.211001, 45.790907], [-1.226769, 45.783202], [-1.229936, 45.7687], [-1.227736, 45.741143], [-1.224572, 45.736996], [-1.224852, 45.732738], [-1.231658, 45.72728], [-1.232066, 45.697469], [-1.193747, 45.694304], [-1.190176, 45.688612], [-1.165543, 45.675035], [-1.157786, 45.679984], [-1.143026, 45.66532], [-1.126448, 45.658423], [-1.121881, 45.653045], [-1.123616, 45.651656], [-1.091583, 45.644449], [-1.081502, 45.636754], [-1.074144, 45.639122], [-1.059657, 45.629466], [-1.053339, 45.628486], [-1.049038, 45.620634], [-1.031709, 45.618056]]}, "properties": {"name": "151: Marennes – Royan (Certified)", "source_file": "eurovelo-1.gpx", "point_count": 632, "distance_km": 45.43, "elevation_gain_m": 208.6, "elevation_loss_m": 212.7}}, {"type": "Feature", "geometry": {"type": "LineString", "coordinates": [[-1.063307, 45.568748], [-1.07718, 45.563901], [-1.09173, 45.551316], [-1.108888, 45.528961], [-1.130733, 45.512896], [-1.13462, 45.506978], [-1.132364, 45.505578], [-1.148842, 45.484994], [-1.143337, 45.483952], [-1.153025, 45.46758], [-1.1353, 45.465921], [-1.138972, 45.437708], [-1.136637, 45.437189], [-1.139279, 45.432465], [-1.128989, 45.430147], [-1.131864, 45.384077], [-1.152752, 45.388554], [-1.152042, 45.380666], [-1.158339, 45.37828]]}, "properties": {"name": "152: Le Verdon-sur-Mer – Montalivet les Bains (Certified)", "source_file": "eurovelo-1.gpx", "point_count": 307, "distance_km": 30.03, "elevation_gain_m": 87.3, "elevation_loss_m": 81.0}}, {"type": "Feature", "geometry": {"type": "LineString", "coordinates": [[-1.158339, 45.37828], [-1.151641, 45.371479], [-1.144622, 45.369369], [-1.148461, 45.325886], [-1.133087, 45.323417], [-1.137548, 45.3066], [-1.131707, 45.299033], [-1.157623, 45.219035]]}, "properties": {"name": "153: Montalivet les Bains – Hourtin Plage (Certified)", "source_file": "eurovelo-1.gpx", "point_count": 184, "distance_km": 20.05, "elevation_gain_m": 47.3, "elevation_loss_m": 33.2}}, {"type": "Feature", "geometry": {"type": "LineString", "coordinates": [[-1.157623, 45.219035], [-1.158694, 45.212611], [-1.152722, 45.198042], [-1.157234, 45.192], [-1.15166, 45.176895], [-1.160622, 45.166513], [-1.159844, 45.156017], [-1.164676, 45.149328], [-1.162884, 45.143701], [-1.166057, 45.137162], [-1.163217, 45.131792], [-1.167767, 45.128113], [-1.16659, 45.123042], [-1.171449, 45.113445], [-1.169077, 45.101922], [-1.17506, 45.082899], [-1.150784, 45.078031], [-1.151337, 45.073784], [-1.147662, 45.072228], [-1.158805, 45.067952], [-1.160094, 45.063542], [-1.158603, 45.057398], [-1.153758, 45.055653], [-1.150789, 45.041263], [-1.155582, 45.036946], [-1.154557, 45.030125], [-1.16245, 45.031726], [-1.170947, 45.028786], [-1.186774, 45.036878], [-1.188985, 45.029703], [-1.186229, 45.016467], [-1.194375, 45.007343], [-1.187045, 45.002726], [-1.182432, 45.003429]]}, "properties": {"name": "154: Hourtin Plage – Lacanau (Certified)", "source_file": "eurovelo-1.gpx", "point_count": 488, "distance_km": 33.81, "elevation_gain_m": 309.9, "elevation_loss_m": 310.9}}, {"type": "Feature", "geometry": {"type": "LineString", "coordinates": [[-1.182432, 45.003429], [-1.179194, 44.996499], [-1.185413, 44.992366], [-1.197843, 44.9912], [-1.201772, 44.979711], [-1.202848, 44.937149], [-1.208403, 44.919957], [-1.206785, 44.911098], [-1.213892, 44.896448], [-1.214145, 44.885031], [-1.211031, 44.881627], [-1.217505, 44.863713], [-1.217378, 44.843509], [-1.223877, 44.816125], [-1.221645, 44.810575], [-1.230594, 44.79771], [-1.22743, 44.786722], [-1.216319, 44.784038], [-1.213942, 44.777565], [-1.209784, 44.776335], [-1.20444, 44.778007], [-1.202654, 44.783171], [-1.187313, 44.788372], [-1.16882, 44.777262], [-1.152227, 44.78276], [-1.136634, 44.779504]]}, "properties": {"name": "155: Lacanau – Lège-Cap-Ferret (Certified)", "source_file": "eurovelo-1.gpx", "point_count": 534, "distance_km": 36.82, "elevation_gain_m": 169.0, "elevation_loss_m": 181.0}}, {"type": "Feature", "geometry": {"type": "LineString", "coordinates": [[-1.136634, 44.779504], [-1.134815, 44.77033], [-1.097748, 44.742441], [-1.071814, 44.728971], [-1.061331, 44.717268], [-1.024353, 44.701101], [-1.011249, 44.68327], [-0.96592, 44.651218], [-0.959347, 44.642337], [-0.99298, 44.626792], [-1.010562, 44.627795], [-1.008721, 44.633131], [-1.015865, 44.634697], [-1.024871, 44.623162], [-1.033758, 44.626158], [-1.041121, 44.623103], [-1.062717, 44.625613], [-1.073113, 44.620355], [-1.085547, 44.619493], [-1.106633, 44.62485], [-1.107185, 44.616786], [-1.13107, 44.620585], [-1.129798, 44.618362], [-1.153837, 44.613152], [-1.15626, 44.609956]]}, "properties": {"name": "156: Lège-Cap-Ferret – Arcachon (Certified)", "source_file": "eurovelo-1.gpx", "point_count": 471, "distance_km": 42.04, "elevation_gain_m": 137.4, "elevation_loss_m": 127.0}}, {"type": "Feature", "geometry": {"type": "LineString", "coordinates": [[-1.15626, 44.609956], [-1.175903, 44.600609], [-1.196127, 44.598242], [-1.196405, 44.591324], [-1.211112, 44.582919], [-1.213984, 44.575751], [-1.22599, 44.570709], [-1.235414, 44.559684], [-1.237724, 44.551885], [-1.24109, 44.55413], [-1.246288, 44.550607], [-1.243801, 44.549169], [-1.248122, 44.546334], [-1.249664, 44.528089], [-1.245827, 44.526645], [-1.243059, 44.518317], [-1.234957, 44.516964], [-1.232412, 44.498131], [-1.235497, 44.493537], [-1.234814, 44.4719], [-1.24477, 44.459194], [-1.239265, 44.452035], [-1.244864, 44.448314], [-1.243009, 44.442263]]}, "properties": {"name": "157: Arcachon – Biscarosse Plage (Certified)", "source_file": "eurovelo-1.gpx", "point_count": 376, "distance_km": 25.81, "elevation_gain_m": 181.9, "elevation_loss_m": 184.1}}, {"type": "Feature", "geometry": {"type": "LineString", "coordinates": [[-1.243009, 44.442263], [-1.2278, 44.43805], [-1.226159, 44.445268], [-1.218687, 44.448763], [-1.215447, 44.446153], [-1.210622, 44.452975], [-1.212002, 44.457756], [-1.201367, 44.456464], [-1.194482, 44.4459], [-1.195205, 44.441172], [-1.187029, 44.434424], [-1.16785, 44.429388], [-1.168933, 44.424243], [-1.175195, 44.424394], [-1.174738, 44.41168], [-1.170857, 44.406902], [-1.174267, 44.399347], [-1.148942, 44.383533], [-1.089505, 44.358933], [-1.082593, 44.349808], [-1.073737, 44.346509]]}, "properties": {"name": "158: Biscarosse Plage – Parentis-en-Born (Certified)", "source_file": "eurovelo-1.gpx", "point_count": 429, "distance_km": 25.53, "elevation_gain_m": 207.6, "elevation_loss_m": 194.7}}, {"type": "Feature", "geometry": {"type": "LineString", "coordinates": [[-1.073737, 44.346509], [-1.074641, 44.342158], [-1.087128, 44.331411], [-1.104604, 44.32267], [-1.132428, 44.32262], [-1.143439, 44.326654], [-1.144859, 44.329866], [-1.166238, 44.322841], [-1.181489, 44.307527], [-1.170029, 44.294312], [-1.181743, 44.2768], [-1.181657, 44.272557], [-1.195769, 44.264847], [-1.196907, 44.249258], [-1.200735, 44.242659], [-1.223253, 44.23409], [-1.22149, 44.229273], [-1.231544, 44.217516], [-1.250011, 44.218573], [-1.25128, 44.222057], [-1.260786, 44.224488], [-1.293022, 44.213471]]}, "properties": {"name": "159: Parentis-en-Born – Mimizan Plage (Certified)", "source_file": "eurovelo-1.gpx", "point_count": 457, "distance_km": 31.09, "elevation_gain_m": 192.3, "elevation_loss_m": 217.1}}, {"type": "Feature", "geometry": {"type": "LineString", "coordinates": [[-1.293022, 44.213471], [-1.294495, 44.207484], [-1.283267, 44.204285], [-1.284553, 44.197369], [-1.291836, 44.193301], [-1.293243, 44.182236], [-1.302, 44.164014], [-1.302825, 44.15661], [-1.297777, 44.152323], [-1.30057, 44.142779], [-1.297757, 44.139566], [-1.298678, 44.119831], [-1.302206, 44.10935], [-1.319855, 44.091665], [-1.309881, 44.085644], [-1.31634, 44.083571], [-1.325875, 44.062771], [-1.322514, 44.049593], [-1.329223, 44.035316], [-1.328218, 44.005383], [-1.336219, 43.99847], [-1.336416, 43.986629], [-1.341406, 43.983435], [-1.347526, 43.96355], [-1.353187, 43.956784], [-1.355912, 43.936002], [-1.351679, 43.928732], [-1.356156, 43.921119], [-1.352002, 43.912365], [-1.320254, 43.912235], [-1.319584, 43.90883], [-1.314742, 43.909131], [-1.309518, 43.904512], [-1.292948, 43.902997], [-1.293531, 43.888238], [-1.301297, 43.882527], [-1.30273, 43.87751]]}, "properties": {"name": "160: Mimizan Plage – Léon (Certified)", "source_file": "eurovelo-1.gpx", "point_count": 623, "distance_km": 47.08, "elevation_gain_m": 289.9, "elevation_loss_m": 278.2}}, {"type": "Feature", "geometry": {"type": "LineString", "coordinates": [[-1.30273, 43.87751], [-1.308966, 43.868341], [-1.324122, 43.864639], [-1.351737, 43.849612], [-1.368681, 43.81341], [-1.395, 43.786813], [-1.396184, 43.779342], [-1.391159, 43.762646], [-1.41225, 43.736535], [-1.411729, 43.726831], [-1.421071, 43.715576], [-1.417875, 43.706272], [-1.43035, 43.707016], [-1.436229, 43.695337], [-1.440121, 43.664707], [-1.431137, 43.660075], [-1.433258, 43.656552], [-1.430237, 43.653661], [-1.435616, 43.648593], [-1.43338, 43.644118]]}, "properties": {"name": "161: Léon – Capbreton (Certified)", "source_file": "eurovelo-1.gpx", "point_count": 507, "distance_km": 33.13, "elevation_gain_m": 222.6, "elevation_loss_m": 237.0}}, {"type": "Feature", "geometry": {"type": "LineString", "coordinates": [[-1.43338, 43.644118], [-1.440149, 43.646298], [-1.441749, 43.641202], [-1.43674, 43.638747], [-1.439023, 43.63394], [-1.434847, 43.628722], [-1.439761, 43.621618], [-1.454372, 43.611318], [-1.46004, 43.598647], [-1.460226, 43.590719], [-1.455574, 43.585472], [-1.457131, 43.579398], [-1.466995, 43.570474], [-1.472215, 43.571457], [-1.465777, 43.564777], [-1.468155, 43.5605], [-1.466069, 43.559483], [-1.476046, 43.552246], [-1.494803, 43.560257], [-1.507359, 43.544459], [-1.506702, 43.53686], [-1.494258, 43.533229], [-1.49538, 43.528191], [-1.486599, 43.519551], [-1.48554, 43.506111], [-1.47891, 43.501774], [-1.482251, 43.498912], [-1.462509, 43.490671], [-1.465239, 43.488419], [-1.478324, 43.495315]]}, "properties": {"name": "162: Capbreton – Bayonne (Certified)", "source_file": "eurovelo-1.gpx", "point_count": 443, "distance_km": 29.05, "elevation_gain_m": 128.7, "elevation_loss_m": 129.8}}, {"type": "Feature", "geometry": {"type": "LineString", "coordinates": [[-1.478324, 43.495315], [-1.494702, 43.503353], [-1.504364, 43.524152], [-1.517142, 43.525962], [-1.542948, 43.494933], [-1.551428, 43.491929], [-1.559681, 43.483256], [-1.56823, 43.48347], [-1.564866, 43.478789], [-1.566758, 43.472978], [-1.576207, 43.4624], [-1.570664, 43.461419]]}, "properties": {"name": "163: Bayonne – Biarritz (Certified)", "source_file": "eurovelo-1.gpx", "point_count": 280, "distance_km": 16.24, "elevation_gain_m": 208.7, "elevation_loss_m": 191.0}}, {"type": "Feature", "geometry": {"type": "LineString", "coordinates": [[-1.570664, 43.461417], [-1.574439, 43.451165], [-1.590139, 43.442575], [-1.590155, 43.43932], [-1.603734, 43.426503], [-1.618429, 43.42255], [-1.626544, 43.414731], [-1.625132, 43.412821], [-1.634746, 43.410721], [-1.642619, 43.404808], [-1.659564, 43.401546], [-1.662251, 43.399238], [-1.657994, 43.389075], [-1.662242, 43.386036]]}, "properties": {"name": "164: Biarritz – Saint-Jean-de-Luz (Certified)", "source_file": "eurovelo-1.gpx", "point_count": 264, "distance_km": 14.21, "elevation_gain_m": 216.2, "elevation_loss_m": 232.2}}, {"type": "Feature", "geometry": {"type": "LineString", "coordinates": [[-1.662242, 43.386036], [-1.66577, 43.384381], [-1.67199, 43.388449], [-1.685351, 43.390011], [-1.691826, 43.383295], [-1.732682, 43.373816], [-1.736796, 43.373683], [-1.733778, 43.378732], [-1.754918, 43.373515], [-1.762791, 43.375589], [-1.78813, 43.371068], [-1.77443, 43.370398], [-1.769934, 43.36533], [-1.784023, 43.356012], [-1.785255, 43.350552], [-1.777324, 43.348257], [-1.771959, 43.342779], [-1.763713, 43.343971], [-1.764017, 43.346016], [-1.759138, 43.343854]]}, "properties": {"name": "165: Saint-Jean-de-Luz – Hendaye (Certified)", "source_file": "eurovelo-1.gpx", "point_count": 357, "distance_km": 20.76, "elevation_gain_m": 213.5, "elevation_loss_m": 215.4}}, {"type": "Feature", "geometry": {"type": "LineString", "coordinates": [[-1.763921, 43.342569], [-1.757078, 43.343251], [-1.753329, 43.340457], [-1.752666, 43.332772], [-1.738804, 43.328651], [-1.742204, 43.319663], [-1.738658, 43.313796], [-1.740789, 43.311345], [-1.736464, 43.309754], [-1.729546, 43.291944], [-1.712487, 43.29009], [-1.714296, 43.281065], [-1.712139, 43.274992], [-1.698284, 43.274987], [-1.691188, 43.278161], [-1.690889, 43.273677], [-1.684625, 43.268381], [-1.687193, 43.262671], [-1.680135, 43.259932], [-1.68105, 43.251649], [-1.669818, 43.245785], [-1.675484, 43.240979], [-1.677147, 43.235058], [-1.674809, 43.232143], [-1.679236, 43.227831], [-1.676189, 43.222847], [-1.680388, 43.219822], [-1.671519, 43.217343], [-1.67252, 43.211851], [-1.66217, 43.205429], [-1.673495, 43.201446], [-1.671359, 43.195404], [-1.665503, 43.194343], [-1.675845, 43.188594], [-1.670016, 43.185553], [-1.670723, 43.17997], [-1.66721, 43.176955], [-1.677424, 43.17434], [-1.676667, 43.168339], [-1.670886, 43.163105], [-1.671836, 43.157664], [-1.66574, 43.138099], [-1.667993, 43.132477]]}, "properties": {"name": "166: Hendaye – Santesteban (Developed + Signed)", "source_file": "eurovelo-1.gpx", "point_count": 549, "distance_km": 35.88, "elevation_gain_m": 787.5, "elevation_loss_m": 667.5}}, {"type": "Feature", "geometry": {"type": "LineString", "coordinates": [[-1.667993, 43.132477], [-1.67157, 43.13147], [-1.66871, 43.12955], [-1.66804, 43.12169], [-1.65888, 43.11995], [-1.67467, 43.11256], [-1.68306, 43.11251], [-1.68628, 43.1059], [-1.69187, 43.10898], [-1.70335, 43.10691], [-1.70785, 43.10465], [-1.70838, 43.10057], [-1.71513, 43.10084], [-1.71072, 43.0984], [-1.7159, 43.09502], [-1.72423, 43.09704], [-1.7337, 43.09441], [-1.73771, 43.09147], [-1.73781, 43.08665], [-1.75652, 43.08609], [-1.75577, 43.08847], [-1.75995, 43.08974], [-1.75406, 43.09674], [-1.77262, 43.09403], [-1.7779, 43.0881], [-1.77386, 43.0851], [-1.77695, 43.08185], [-1.77364, 43.07499], [-1.7655, 43.07244], [-1.76859, 43.06812], [-1.77277, 43.07186], [-1.77347, 43.06248], [-1.77067, 43.06566], [-1.76878, 43.06067], [-1.76259, 43.06118], [-1.76321, 43.05581], [-1.75366, 43.03926], [-1.759, 43.02977], [-1.75758, 43.01295], [-1.76129, 43.0111], [-1.760987, 43.004221], [-1.76667, 42.99968], [-1.78001, 42.99764], [-1.79928, 43.00113], [-1.808691, 42.99462], [-1.80463, 42.9746], [-1.79543, 42.97186], [-1.79039, 42.95988], [-1.79654, 42.96078], [-1.80706, 42.94893], [-1.82076, 42.95114], [-1.82322, 42.95486], [-1.82935, 42.94477], [-1.82355, 42.94189], [-1.829834, 42.935991], [-1.82696, 42.92984], [-1.829032, 42.923984], [-1.82511, 42.92304], [-1.824701, 42.918364], [-1.807315, 42.911606], [-1.781115, 42.895325]]}, "properties": {"name": "167: Santesteban – Sarasate (Developed + Signed)", "source_file": "eurovelo-1.gpx", "point_count": 1154, "distance_km": 57.22, "elevation_gain_m": 1796.0, "elevation_loss_m": 1420.4}}, {"type": "Feature", "geometry": {"type": "LineString", "coordinates": [[-1.781115, 42.895325], [-1.765512, 42.886208], [-1.763964, 42.882396], [-1.716828, 42.863245], [-1.716495, 42.867796], [-1.69577, 42.864434], [-1.6892, 42.859042], [-1.691861, 42.855673], [-1.689304, 42.852976], [-1.683399, 42.851603], [-1.684127, 42.847561], [-1.659039, 42.83645], [-1.650399, 42.823405], [-1.653712, 42.820465], [-1.648475, 42.815962], [-1.651772, 42.815334]]}, "properties": {"name": "168: Sarasate – Pamplona (Developed + Signed)", "source_file": "eurovelo-1.gpx", "point_count": 147, "distance_km": 18.31, "elevation_gain_m": 146.3, "elevation_loss_m": 199.8}}, {"type": "Feature", "geometry": {"type": "LineString", "coordinates": [[-1.642597, 42.81637], [-1.652849, 42.814606], [-1.65322, 42.80888], [-1.665222, 42.80136], [-1.681527, 42.782648], [-1.693546, 42.777705], [-1.6943, 42.772702], [-1.704155, 42.765858], [-1.698872, 42.758887], [-1.684077, 42.755758], [-1.674332, 42.745006], [-1.667723, 42.726668], [-1.668577, 42.71881], [-1.681905, 42.703853], [-1.676716, 42.699421], [-1.679823, 42.689895], [-1.688174, 42.689398], [-1.705308, 42.675762], [-1.723705, 42.672982], [-1.724219, 42.670406], [-1.755428, 42.670005], [-1.762274, 42.672631], [-1.763055, 42.67013], [-1.771557, 42.676182], [-1.790198, 42.67676], [-1.823736, 42.668193], [-1.829793, 42.670392], [-1.836113, 42.666801], [-1.875784, 42.670955], [-1.879667, 42.667281], [-1.880616, 42.671783], [-1.889718, 42.677764], [-1.917257, 42.680276], [-1.92385, 42.687017], [-1.926838, 42.68009], [-1.939309, 42.678115], [-1.947465, 42.671198], [-1.960933, 42.666587], [-1.973183, 42.651818], [-1.991654, 42.659425], [-1.993199, 42.654977], [-2.004115, 42.648535], [-2.008231, 42.649305], [-2.008703, 42.660329], [-2.02123, 42.66359], [-2.023948, 42.669506], [-2.027181, 42.669891]]}, "properties": {"name": "169: Pamplona – Estella-Lizarra (Developed + Signed)", "source_file": "eurovelo-1.gpx", "point_count": 917, "distance_km": 58.9, "elevation_gain_m": 922.9, "elevation_loss_m": 954.1}}, {"type": "Feature", "geometry": {"type": "LineString", "coordinates": [[-2.027181, 42.669891], [-2.047919, 42.646312], [-2.055857, 42.64689], [-2.072694, 42.639174], [-2.083819, 42.638722], [-2.090388, 42.629957], [-2.09878, 42.625225], [-2.101261, 42.626556], [-2.105261, 42.616027], [-2.099272, 42.611348], [-2.111168, 42.602884], [-2.123535, 42.603469], [-2.145712, 42.595628], [-2.156365, 42.596245], [-2.156896, 42.59304], [-2.17667, 42.59293], [-2.193409, 42.573579], [-2.191813, 42.569505], [-2.198932, 42.567241], [-2.238035, 42.56252], [-2.254839, 42.563798], [-2.264901, 42.557561], [-2.266641, 42.552227], [-2.270567, 42.554371], [-2.285193, 42.55063], [-2.297753, 42.551468], [-2.309603, 42.557972], [-2.30534, 42.548217], [-2.307917, 42.536258], [-2.318492, 42.53457], [-2.323023, 42.527329], [-2.331487, 42.526949], [-2.331377, 42.524673], [-2.343926, 42.519737], [-2.383457, 42.51351], [-2.395757, 42.507578], [-2.405041, 42.490248], [-2.415666, 42.490538]]}, "properties": {"name": "170: Estella-Lizarra – Logroño (Developed + Signed)", "source_file": "eurovelo-1.gpx", "point_count": 719, "distance_km": 49.53, "elevation_gain_m": 747.2, "elevation_loss_m": 783.3}}, {"type": "Feature", "geometry": {"type": "LineString", "coordinates": [[-2.415603, 42.490581], [-2.43252, 42.484033], [-2.443524, 42.468785], [-2.462227, 42.463494], [-2.462013, 42.460426], [-2.468183, 42.458256], [-2.508736, 42.446946], [-2.513326, 42.444746], [-2.516098, 42.436605], [-2.52387, 42.440087], [-2.549736, 42.4359], [-2.560562, 42.429588], [-2.568134, 42.430027], [-2.577204, 42.425849], [-2.58774, 42.415055], [-2.598499, 42.417019], [-2.624968, 42.405405], [-2.628, 42.412083], [-2.640677, 42.417722], [-2.654192, 42.410666], [-2.678067, 42.415005], [-2.692155, 42.413235], [-2.728978, 42.417687]]}, "properties": {"name": "171: Logroño – Nájera (Developed + Not Signed)", "source_file": "eurovelo-1.gpx", "point_count": 550, "distance_km": 33.36, "elevation_gain_m": 471.4, "elevation_loss_m": 364.2}}, {"type": "Feature", "geometry": {"type": "LineString", "coordinates": [[-2.728978, 42.417687], [-2.733374, 42.417493], [-2.734731, 42.423207], [-2.738613, 42.424942], [-2.777889, 42.419757], [-2.802582, 42.424408], [-2.818816, 42.412349], [-2.817703, 42.40257], [-2.806661, 42.388951], [-2.815373, 42.38494], [-2.811861, 42.382227], [-2.814097, 42.37953], [-2.810592, 42.366021], [-2.847927, 42.339777], [-2.852371, 42.339368], [-2.8665, 42.326426], [-2.852587, 42.3379], [-2.851453, 42.356], [-2.847346, 42.358285], [-2.854249, 42.370082], [-2.852655, 42.38073], [-2.846252, 42.391355], [-2.861408, 42.389829], [-2.869837, 42.39377], [-2.881602, 42.392782], [-2.893084, 42.403525], [-2.894016, 42.396932], [-2.897839, 42.395625], [-2.921761, 42.398099], [-2.922301, 42.402947], [-2.934998, 42.420061], [-2.952733, 42.435032], [-2.953383, 42.439433]]}, "properties": {"name": "172: Nájera – Santo Domingo de la Calzada (Developed + Not Signed)", "source_file": "eurovelo-1.gpx", "point_count": 439, "distance_km": 44.11, "elevation_gain_m": 619.0, "elevation_loss_m": 467.2}}, {"type": "Feature", "geometry": {"type": "LineString", "coordinates": [[-2.953383, 42.439433], [-2.96839, 42.444197], [-2.986449, 42.441133], [-2.993636, 42.437309], [-2.993879, 42.433302], [-3.012763, 42.424089], [-3.020705, 42.428018], [-3.028661, 42.449859], [-3.037009, 42.450905], [-3.062224, 42.438059], [-3.086673, 42.436617], [-3.101955, 42.42587], [-3.113533, 42.431198], [-3.129317, 42.431023], [-3.17743, 42.415847], [-3.189952, 42.420532]]}, "properties": {"name": "173: Santo Domingo de la Calzada – Belorado (Developed + Not Signed)", "source_file": "eurovelo-1.gpx", "point_count": 282, "distance_km": 25.53, "elevation_gain_m": 393.2, "elevation_loss_m": 267.9}}, {"type": "Feature", "geometry": {"type": "LineString", "coordinates": [[-3.189952, 42.420532], [-3.227926, 42.411449], [-3.243926, 42.413147], [-3.259086, 42.404677], [-3.281897, 42.406388], [-3.300918, 42.401488], [-3.302275, 42.395715], [-3.309861, 42.388065], [-3.325107, 42.385793], [-3.33699, 42.374817], [-3.354117, 42.366389], [-3.36499, 42.366271], [-3.418606, 42.37798], [-3.478377, 42.369745], [-3.505551, 42.375291], [-3.523087, 42.387355], [-3.539164, 42.394006], [-3.545054, 42.38646], [-3.561445, 42.385044], [-3.558353, 42.382162], [-3.56114, 42.380449], [-3.55383, 42.371968], [-3.557484, 42.36692], [-3.555715, 42.361684], [-3.561372, 42.358663], [-3.591998, 42.361158], [-3.603689, 42.367516], [-3.609188, 42.363897], [-3.621381, 42.364686], [-3.663129, 42.355532], [-3.685854, 42.344094], [-3.704489, 42.340114]]}, "properties": {"name": "174: Belorado – Burgos (Developed + Signed)", "source_file": "eurovelo-1.gpx", "point_count": 686, "distance_km": 53.05, "elevation_gain_m": 652.7, "elevation_loss_m": 559.3}}, {"type": "Feature", "geometry": {"type": "LineString", "coordinates": [[-3.704489, 42.340114], [-3.745147, 42.343697], [-3.786768, 42.353347], [-3.804362, 42.347523], [-3.823966, 42.349033], [-3.835369, 42.339921], [-3.888541, 42.342446], [-3.918373, 42.34008], [-3.94274, 42.335442], [-3.958184, 42.328322], [-3.99309, 42.326005], [-4.030039, 42.314144], [-4.070584, 42.310746], [-4.083923, 42.306757], [-4.1018, 42.291673], [-4.131548, 42.292463], [-4.140428, 42.288599]]}, "properties": {"name": "175: Burgos – Castrojeriz (Developed + Signed)", "source_file": "eurovelo-1.gpx", "point_count": 593, "distance_km": 40.65, "elevation_gain_m": 388.4, "elevation_loss_m": 437.8}}, {"type": "Feature", "geometry": {"type": "LineString", "coordinates": [[-4.140428, 42.288599], [-4.147733, 42.289916], [-4.159098, 42.302697], [-4.173858, 42.309923], [-4.219099, 42.296114], [-4.247257, 42.277535], [-4.256501, 42.287131], [-4.261567, 42.28704], [-4.325342, 42.269887], [-4.346908, 42.258587], [-4.351193, 42.263034], [-4.364338, 42.258328], [-4.380523, 42.258336], [-4.406377, 42.266761]]}, "properties": {"name": "176: Castrojeriz – Frómista (Developed + Signed)", "source_file": "eurovelo-1.gpx", "point_count": 203, "distance_km": 26.63, "elevation_gain_m": 133.4, "elevation_loss_m": 167.4}}, {"type": "Feature", "geometry": {"type": "LineString", "coordinates": [[-4.406377, 42.266761], [-4.399011, 42.263766], [-4.435493, 42.239997], [-4.431789, 42.231729], [-4.437109, 42.223881], [-4.484115, 42.194134], [-4.502239, 42.188669], [-4.508879, 42.180576], [-4.50885, 42.168695], [-4.533062, 42.1639], [-4.553628, 42.127155], [-4.553058, 42.114238], [-4.555577, 42.112025], [-4.551294, 42.105525], [-4.558405, 42.0897], [-4.569216, 42.088398], [-4.588252, 42.071657], [-4.577796, 42.052222], [-4.586301, 42.040623], [-4.583226, 42.03084], [-4.555498, 42.003276], [-4.550904, 42.001823], [-4.53677, 42.008737], [-4.538297, 42.011031]]}, "properties": {"name": "177: Frómista – Palencia (Developed + Signed)", "source_file": "eurovelo-1.gpx", "point_count": 353, "distance_km": 42.59, "elevation_gain_m": 94.2, "elevation_loss_m": 135.5}}, {"type": "Feature", "geometry": {"type": "LineString", "coordinates": [[-4.538297, 42.011031], [-4.53677, 42.008737], [-4.550618, 42.000841], [-4.537245, 41.988169], [-4.53769, 41.982179], [-4.519417, 41.954711], [-4.516105, 41.940026], [-4.527495, 41.917709], [-4.532438, 41.900949], [-4.531549, 41.893295], [-4.541194, 41.878734], [-4.54102, 41.872397], [-4.577278, 41.818813], [-4.582917, 41.803673], [-4.600996, 41.792815], [-4.635163, 41.753907], [-4.655784, 41.745146], [-4.688645, 41.723792], [-4.709867, 41.70258], [-4.720648, 41.680478], [-4.742769, 41.661141], [-4.734314, 41.660357], [-4.73713, 41.653459], [-4.724276, 41.652526]]}, "properties": {"name": "178: Palencia – Valladolid (Developed + Signed)", "source_file": "eurovelo-1.gpx", "point_count": 334, "distance_km": 50.96, "elevation_gain_m": 125.9, "elevation_loss_m": 163.6}}, {"type": "Feature", "geometry": {"type": "LineString", "coordinates": [[-4.724276, 41.652526], [-4.730303, 41.649216], [-4.739211, 41.650531], [-4.747381, 41.63669], [-4.759698, 41.627572], [-4.748108, 41.621582], [-4.758962, 41.586679], [-4.786775, 41.562689], [-4.801764, 41.567244], [-4.823512, 41.59059], [-4.851136, 41.567705], [-4.863742, 41.561458], [-4.868461, 41.555009], [-4.861879, 41.535904], [-4.871438, 41.531139], [-4.882338, 41.531875], [-4.882778, 41.528463], [-4.876345, 41.525332], [-4.890958, 41.510873], [-4.943358, 41.50219], [-5.000348, 41.499627]]}, "properties": {"name": "179: Valladolid – Tordesillas (Developed + Signed)", "source_file": "eurovelo-1.gpx", "point_count": 492, "distance_km": 41.21, "elevation_gain_m": 180.0, "elevation_loss_m": 192.0}}, {"type": "Feature", "geometry": {"type": "LineString", "coordinates": [[-5.000348, 41.499627], [-5.063296, 41.491302], [-5.092339, 41.480789], [-5.136081, 41.470441], [-5.162578, 41.457421], [-5.168262, 41.468584], [-5.180078, 41.46418], [-5.199415, 41.463111], [-5.220808, 41.447461], [-5.239637, 41.417487], [-5.252688, 41.402811], [-5.274597, 41.403638], [-5.291495, 41.4292], [-5.296622, 41.429116], [-5.308322, 41.442586], [-5.328794, 41.452665], [-5.34457, 41.464593], [-5.345024, 41.474613], [-5.350766, 41.477747], [-5.353473, 41.48578], [-5.363992, 41.489287], [-5.378273, 41.485368], [-5.394916, 41.492825], [-5.400914, 41.507674], [-5.392869, 41.508879], [-5.389246, 41.513318], [-5.390314, 41.519273], [-5.394349, 41.520296]]}, "properties": {"name": "180: Tordesillas – Toro (Developed + Signed)", "source_file": "eurovelo-1.gpx", "point_count": 501, "distance_km": 50.2, "elevation_gain_m": 272.3, "elevation_loss_m": 223.9}}, {"type": "Feature", "geometry": {"type": "LineString", "coordinates": [[-5.394349, 41.520296], [-5.401646, 41.52506], [-5.413751, 41.516071], [-5.410083, 41.509694], [-5.483191, 41.494303], [-5.486131, 41.480845], [-5.494424, 41.47262], [-5.5157, 41.476565], [-5.52929, 41.470272], [-5.540316, 41.459008], [-5.558485, 41.453903], [-5.565911, 41.474646], [-5.584457, 41.481826], [-5.595237, 41.483386], [-5.602258, 41.480645], [-5.634893, 41.485092], [-5.659747, 41.479826], [-5.689912, 41.494915], [-5.712471, 41.489695], [-5.725464, 41.492255], [-5.727116, 41.498337], [-5.747506, 41.49742], [-5.748364, 41.502213], [-5.753985, 41.499376]]}, "properties": {"name": "181: Toro – Zamora (Developed + Signed)", "source_file": "eurovelo-1.gpx", "point_count": 368, "distance_km": 40.68, "elevation_gain_m": 256.0, "elevation_loss_m": 343.7}}, {"type": "Feature", "geometry": {"type": "LineString", "coordinates": [[-5.753985, 41.499376], [-5.74711, 41.501025], [-5.753324, 41.495271], [-5.762222, 41.461899], [-5.770429, 41.45199], [-5.77086, 41.443999], [-5.767156, 41.440738], [-5.772688, 41.411602], [-5.768143, 41.391533], [-5.775829, 41.388741], [-5.76996, 41.377543], [-5.771634, 41.339632], [-5.763221, 41.321169], [-5.762499, 41.316281], [-5.766786, 41.310018], [-5.74512, 41.296529], [-5.720312, 41.270512], [-5.707269, 41.246226], [-5.704158, 41.209655], [-5.69556, 41.176491], [-5.697944, 41.131698], [-5.70185, 41.121161], [-5.699327, 41.111432], [-5.706456, 41.09738], [-5.701222, 41.078408], [-5.702218, 41.061357], [-5.694703, 41.051237], [-5.67785, 41.044427], [-5.671358, 41.032507], [-5.662749, 40.975811], [-5.664079, 40.964991], [-5.669116, 40.959243]]}, "properties": {"name": "182: Zamora – Salamanca (Partially Developed + Signed)", "source_file": "eurovelo-1.gpx", "point_count": 692, "distance_km": 68.18, "elevation_gain_m": 552.2, "elevation_loss_m": 418.5}}, {"type": "Feature", "geometry": {"type": "LineString", "coordinates": [[-5.669116, 40.959243], [-5.671742, 40.95606], [-5.669503, 40.944733], [-5.675082, 40.942189], [-5.67259, 40.939845], [-5.680846, 40.917733], [-5.689597, 40.868044], [-5.675492, 40.844258], [-5.679402, 40.831492], [-5.701952, 40.803131], [-5.71287, 40.798908], [-5.724542, 40.789456], [-5.738635, 40.790311], [-5.73381, 40.782106], [-5.728592, 40.779386], [-5.74971, 40.757079], [-5.752332, 40.74673], [-5.759739, 40.737438], [-5.766233, 40.721389], [-5.764422, 40.702048], [-5.767604, 40.690953], [-5.771608, 40.689598], [-5.770803, 40.664373], [-5.778467, 40.658312], [-5.7688, 40.655212], [-5.752069, 40.65691], [-5.748276, 40.652728], [-5.738911, 40.652912], [-5.73888, 40.577178], [-5.731789, 40.564938]]}, "properties": {"name": "183: Salamanca – Fuenterroble de Salvatierra (Partially Developed + Signed)", "source_file": "eurovelo-1.gpx", "point_count": 490, "distance_km": 55.0, "elevation_gain_m": 696.6, "elevation_loss_m": 530.4}}, {"type": "Feature", "geometry": {"type": "LineString", "coordinates": [[-5.731789, 40.564938], [-5.745724, 40.554846], [-5.75024, 40.545192], [-5.76967, 40.524056], [-5.764337, 40.522584], [-5.767206, 40.51531], [-5.765747, 40.50238], [-5.778855, 40.493384], [-5.781571, 40.488048], [-5.780148, 40.481206], [-5.790398, 40.474188], [-5.820517, 40.399159], [-5.835827, 40.388375], [-5.848469, 40.371394], [-5.841816, 40.360561], [-5.84952, 40.355478], [-5.845417, 40.34158], [-5.852409, 40.330852]]}, "properties": {"name": "184: Fuenterroble de Salvatierra – Baños de Montemayor (Partially Developed + Signed)", "source_file": "eurovelo-1.gpx", "point_count": 400, "distance_km": 31.52, "elevation_gain_m": 434.5, "elevation_loss_m": 519.6}}, {"type": "Feature", "geometry": {"type": "LineString", "coordinates": [[-5.852406, 40.330841], [-5.853774, 40.326413], [-5.849872, 40.318534], [-5.869624, 40.294847], [-5.866444, 40.288323], [-5.849507, 40.289579], [-5.843407, 40.287161], [-5.852124, 40.277988], [-5.852488, 40.272665], [-5.91053, 40.267225], [-5.936362, 40.257259], [-5.973965, 40.237281], [-5.982055, 40.220711], [-5.983161, 40.222503], [-5.995259, 40.213396], [-6.045506, 40.187833], [-6.061394, 40.16349], [-6.07944, 40.165331], [-6.087394, 40.159033], [-6.098751, 40.164082], [-6.103079, 40.162519], [-6.098592, 40.156798], [-6.10139, 40.146522], [-6.094805, 40.124193], [-6.081259, 40.101884], [-6.086264, 40.09117], [-6.10364, 40.093537], [-6.105386, 40.088598], [-6.116433, 40.083077], [-6.120513, 40.08671], [-6.114923, 40.089394], [-6.112232, 40.095143], [-6.117636, 40.096069], [-6.125331, 40.090637], [-6.136183, 40.092688], [-6.134301, 40.077513], [-6.137253, 40.068742], [-6.142545, 40.066627], [-6.171398, 40.068956], [-6.174693, 40.072279], [-6.192275, 40.075197], [-6.196803, 40.072541], [-6.207162, 40.057086], [-6.206822, 40.051648], [-6.212166, 40.050977], [-6.217825, 40.03258], [-6.23071, 40.017513], [-6.248322, 40.003999], [-6.264713, 39.996161], [-6.264753, 39.989904], [-6.271646, 39.98284], [-6.269714, 39.975328], [-6.265419, 39.973955]]}, "properties": {"name": "185: Baños de Montemayor – Galisteo (Developed + Signed)", "source_file": "eurovelo-1.gpx", "point_count": 492, "distance_km": 79.42, "elevation_gain_m": 335.9, "elevation_loss_m": 916.3}}, {"type": "Feature", "geometry": {"type": "LineString", "coordinates": [[-6.265452, 39.973978], [-6.265563, 39.967918], [-6.257903, 39.96127], [-6.260509, 39.956109], [-6.259394, 39.948079], [-6.2669, 39.940845], [-6.266908, 39.922656], [-6.242359, 39.919052], [-6.264985, 39.893297], [-6.279579, 39.881648], [-6.33923, 39.844072], [-6.360129, 39.835582], [-6.365236, 39.818103], [-6.37053, 39.810637], [-6.367607, 39.807418], [-6.368674, 39.802757], [-6.374614, 39.797347], [-6.390598, 39.792854], [-6.39836, 39.781131], [-6.42951, 39.768758], [-6.433399, 39.762483], [-6.431506, 39.755973], [-6.450524, 39.731147], [-6.448541, 39.719819], [-6.456738, 39.708323], [-6.457145, 39.701404], [-6.462844, 39.698689], [-6.464054, 39.691895], [-6.470236, 39.689367], [-6.473825, 39.683217], [-6.47423, 39.675715], [-6.470683, 39.671336], [-6.483578, 39.663039], [-6.479659, 39.611021], [-6.473647, 39.595858], [-6.45504, 39.574719], [-6.444999, 39.567857], [-6.416823, 39.560518], [-6.409376, 39.532645], [-6.398158, 39.518265], [-6.38272, 39.48655], [-6.383266, 39.478427], [-6.400777, 39.475904], [-6.395694, 39.474133], [-6.385307, 39.461259]]}, "properties": {"name": "186: Galisteo – Caceres (Developed + Signed)", "source_file": "eurovelo-1.gpx", "point_count": 343, "distance_km": 76.83, "elevation_gain_m": 796.1, "elevation_loss_m": 625.6}}, {"type": "Feature", "geometry": {"type": "LineString", "coordinates": [[-6.385425, 39.461194], [-6.380246, 39.445161], [-6.373113, 39.435139], [-6.355897, 39.421564], [-6.351448, 39.386543], [-6.337693, 39.358669], [-6.316007, 39.268638], [-6.268356, 39.184968], [-6.263861, 39.168518], [-6.286422, 39.094461], [-6.291486, 39.087191], [-6.312517, 39.072911], [-6.321599, 39.055484], [-6.321046, 39.051418], [-6.329468, 39.041638], [-6.326055, 39.027123], [-6.321098, 39.02233], [-6.323972, 39.009205], [-6.330378, 39.002465], [-6.32806, 38.989481], [-6.351381, 38.99412], [-6.359695, 38.985001], [-6.363374, 38.975196], [-6.372103, 38.968814], [-6.357589, 38.956698], [-6.352203, 38.93691], [-6.345199, 38.935721], [-6.349417, 38.923017]]}, "properties": {"name": "187: Caceres – Merida (Developed + Signed)", "source_file": "eurovelo-1.gpx", "point_count": 551, "distance_km": 70.33, "elevation_gain_m": 419.4, "elevation_loss_m": 666.6}}, {"type": "Feature", "geometry": {"type": "LineString", "coordinates": [[-6.3494, 38.923068], [-6.356267, 38.922122], [-6.348415, 38.913782], [-6.352502, 38.912297], [-6.348704, 38.907664], [-6.366556, 38.897544], [-6.360994, 38.846787], [-6.377125, 38.797756], [-6.381105, 38.766857], [-6.406, 38.690287], [-6.37857, 38.661518], [-6.362836, 38.617658], [-6.362638, 38.60044], [-6.349924, 38.564818], [-6.351491, 38.538472], [-6.349278, 38.530049], [-6.357152, 38.503043], [-6.356644, 38.491994], [-6.364491, 38.467126], [-6.364497, 38.457072], [-6.412882, 38.432775], [-6.417352, 38.427009], [-6.416551, 38.423016]]}, "properties": {"name": "188: Merida – Zafra (Developed + Signed)", "source_file": "eurovelo-1.gpx", "point_count": 436, "distance_km": 63.1, "elevation_gain_m": 539.2, "elevation_loss_m": 235.4}}, {"type": "Feature", "geometry": {"type": "LineString", "coordinates": [[-6.416551, 38.423016], [-6.406699, 38.414376], [-6.408512, 38.41148], [-6.405949, 38.404654], [-6.395882, 38.394405], [-6.378998, 38.395063], [-6.343858, 38.386649], [-6.332078, 38.369256], [-6.325905, 38.353564], [-6.317867, 38.343135], [-6.32108, 38.325689], [-6.312712, 38.31611], [-6.310898, 38.298118], [-6.318339, 38.298307], [-6.319806, 38.286646], [-6.313358, 38.271514], [-6.309455, 38.248059], [-6.300851, 38.239115], [-6.29998, 38.228972], [-6.290619, 38.216414], [-6.289896, 38.204991], [-6.280929, 38.186122], [-6.282967, 38.180984], [-6.280134, 38.16988], [-6.285882, 38.158559], [-6.279142, 38.146569], [-6.282142, 38.139834], [-6.271133, 38.116944], [-6.276697, 38.110621], [-6.278989, 38.09804], [-6.271331, 38.086269], [-6.243868, 38.069138], [-6.237599, 38.050998], [-6.220503, 38.026722], [-6.211207, 38.024209], [-6.169467, 37.98447], [-6.1622, 37.959668], [-6.156233, 37.950114]]}, "properties": {"name": "189: Zafra – El Real de la Jara (Developed + Signed)", "source_file": "eurovelo-1.gpx", "point_count": 654, "distance_km": 65.66, "elevation_gain_m": 629.9, "elevation_loss_m": 679.3}}, {"type": "Feature", "geometry": {"type": "LineString", "coordinates": [[-6.15633, 37.95001], [-6.18261, 37.93564], [-6.18448, 37.93103], [-6.20043, 37.9193], [-6.22569, 37.90914], [-6.237639, 37.900638], [-6.240749, 37.905889], [-6.248176, 37.909142], [-6.245687, 37.918027], [-6.251584, 37.919957], [-6.255972, 37.927073], [-6.259519, 37.926619], [-6.263258, 37.919524], [-6.271271, 37.928611], [-6.280424, 37.9302], [-6.280419, 37.926932], [-6.285994, 37.930629], [-6.288597, 37.938778], [-6.299676, 37.951434], [-6.31392, 37.959776], [-6.314195, 37.967978], [-6.31873, 37.97188], [-6.32203, 37.9702], [-6.32527, 37.95655], [-6.37203, 37.95605], [-6.38036, 37.94667], [-6.37968, 37.93791], [-6.38805, 37.93438], [-6.39088, 37.92402], [-6.40188, 37.91275], [-6.40408, 37.90468], [-6.42737, 37.90796], [-6.45086, 37.90215], [-6.45699, 37.90663], [-6.4702, 37.90056], [-6.47214, 37.89082], [-6.47988, 37.89129]]}, "properties": {"name": "190: El Real de la Jara – Puerto Moral (Developed + Signed)", "source_file": "eurovelo-1.gpx", "point_count": 769, "distance_km": 47.66, "elevation_gain_m": 882.0, "elevation_loss_m": 823.5}}, {"type": "Feature", "geometry": {"type": "LineString", "coordinates": [[-6.47988, 37.89129], [-6.48348, 37.88648], [-6.48495, 37.86145], [-6.47588, 37.84767], [-6.44749, 37.83672], [-6.44237, 37.83152], [-6.44609, 37.81638], [-6.47303, 37.80184], [-6.49145, 37.78407], [-6.49476, 37.77522], [-6.5123, 37.76775], [-6.51562, 37.75252], [-6.51318, 37.74825], [-6.52103, 37.73723], [-6.5167, 37.73521], [-6.51738, 37.73148], [-6.52357, 37.73136], [-6.52312, 37.72776], [-6.53276, 37.73218], [-6.53844, 37.72834], [-6.53726, 37.72354], [-6.53967, 37.72169], [-6.54976, 37.7226], [-6.54679, 37.71115], [-6.55032, 37.69539]]}, "properties": {"name": "191: Puerto Moral – Nerva (Partially Developed + Not Signed)", "source_file": "eurovelo-1.gpx", "point_count": 660, "distance_km": 33.99, "elevation_gain_m": 800.1, "elevation_loss_m": 983.8}}, {"type": "Feature", "geometry": {"type": "LineString", "coordinates": [[-6.55036, 37.69534], [-6.56002, 37.69949], [-6.56377, 37.69157], [-6.55755, 37.68437], [-6.57028, 37.6794], [-6.57647, 37.68024], [-6.57954, 37.68761], [-6.59567, 37.69635], [-6.60517, 37.6919], [-6.61371, 37.69341], [-6.61764, 37.69067], [-6.63742, 37.68982], [-6.64341, 37.68325], [-6.64979, 37.68131], [-6.63934, 37.6714], [-6.65664, 37.65782], [-6.64985, 37.64258], [-6.65616, 37.63876], [-6.66705, 37.61824], [-6.68378, 37.61571], [-6.70045, 37.62241], [-6.71633, 37.62225], [-6.7288, 37.61709], [-6.73773, 37.6089], [-6.736, 37.60197], [-6.74315, 37.59333], [-6.7404, 37.58817], [-6.75107, 37.58258], [-6.75107, 37.56837]]}, "properties": {"name": "192: Nerva – Valverde del Camino (Partially Developed + Not Signed)", "source_file": "eurovelo-1.gpx", "point_count": 477, "distance_km": 35.72, "elevation_gain_m": 396.1, "elevation_loss_m": 466.7}}, {"type": "Feature", "geometry": {"type": "LineString", "coordinates": [[-6.7511, 37.56831], [-6.76422, 37.55155], [-6.78136, 37.5441], [-6.78313, 37.538], [-6.79548, 37.52547], [-6.80011, 37.51237], [-6.81631, 37.50646], [-6.82886, 37.50578], [-6.84014, 37.49364], [-6.84005, 37.47583], [-6.84601, 37.46573], [-6.84214, 37.46044], [-6.83917, 37.44266], [-6.82801, 37.43075], [-6.82863, 37.41818], [-6.82268, 37.40913], [-6.83613, 37.3948], [-6.84124, 37.37924], [-6.83761, 37.35808], [-6.84623, 37.32359], [-6.84167, 37.32167]]}, "properties": {"name": "193: Valverde del Camino – San Juan del Puerto (Developed + Signed)", "source_file": "eurovelo-1.gpx", "point_count": 298, "distance_km": 33.8, "elevation_gain_m": 101.1, "elevation_loss_m": 354.2}}, {"type": "Feature", "geometry": {"type": "LineString", "coordinates": [[-6.843828, 37.322789], [-6.827025, 37.314572], [-6.821533, 37.308471], [-6.821319, 37.303009], [-6.839348, 37.293082], [-6.892794, 37.236629], [-6.921655, 37.216922], [-6.928264, 37.207967], [-6.923458, 37.201011], [-6.926258, 37.19361], [-6.930346, 37.191862], [-6.938618, 37.214311], [-6.945087, 37.214478], [-6.9511, 37.223426], [-6.958607, 37.253869], [-6.959401, 37.262203], [-6.955195, 37.2732], [-6.948393, 37.283803], [-6.945245, 37.284301], [-6.94269, 37.315432], [-6.949398, 37.332553], [-6.964409, 37.354445], [-6.96395, 37.370687], [-6.974636, 37.370943]]}, "properties": {"name": "194: San Juan del Puerto – Gibraleón (Partially Developed + Not Signed)", "source_file": "eurovelo-1.gpx", "point_count": 358, "distance_km": 44.11, "elevation_gain_m": 107.4, "elevation_loss_m": 111.4}}, {"type": "Feature", "geometry": {"type": "LineString", "coordinates": [[-6.97466, 37.37093], [-6.98216, 37.36795], [-7.00097, 37.34642], [-7.00714, 37.34376], [-7.01919, 37.34487], [-7.02688, 37.33426], [-7.03743, 37.32804], [-7.06677, 37.32079], [-7.10527, 37.30022], [-7.15889, 37.28784], [-7.17909, 37.29835], [-7.18586, 37.29756], [-7.19116, 37.27575], [-7.203775, 37.257514], [-7.24288, 37.25401], [-7.26276, 37.22857], [-7.2794, 37.22225], [-7.29305, 37.21105], [-7.32949, 37.22252], [-7.38316, 37.21866], [-7.409688, 37.21065], [-7.410428, 37.214243]]}, "properties": {"name": "195: Gibraleón – Ayamonte (Partially Developed + Not Signed)", "source_file": "eurovelo-1.gpx", "point_count": 329, "distance_km": 49.57, "elevation_gain_m": 218.7, "elevation_loss_m": 228.1}}, {"type": "Feature", "geometry": {"type": "LineString", "coordinates": [[-7.414581, 37.196851], [-7.412387, 37.188112], [-7.443588, 37.179214], [-7.470174, 37.178339], [-7.480399, 37.185062], [-7.494647, 37.181649], [-7.494482, 37.174612], [-7.502837, 37.171599], [-7.508342, 37.17655], [-7.522869, 37.167207], [-7.533224, 37.166269], [-7.538832, 37.169625], [-7.546572, 37.158886], [-7.579839, 37.156582], [-7.586998, 37.153214], [-7.586442, 37.147651], [-7.592851, 37.147286], [-7.59434, 37.14081], [-7.602372, 37.141588], [-7.601026, 37.13711], [-7.60389, 37.135112], [-7.605012, 37.14777], [-7.616073, 37.14666], [-7.622665, 37.142763], [-7.626261, 37.135875], [-7.634784, 37.13467], [-7.636636, 37.130353], [-7.643064, 37.128673], [-7.644898, 37.122236], [-7.650578, 37.121313], [-7.650953, 37.118065], [-7.673947, 37.097948], [-7.708229, 37.081531], [-7.707673, 37.075957], [-7.726419, 37.068182], [-7.728657, 37.071792], [-7.733509, 37.068936], [-7.73615, 37.061909], [-7.752839, 37.063135], [-7.744352, 37.054859], [-7.760013, 37.046288], [-7.78229, 37.038898], [-7.79548, 37.037034], [-7.804557, 37.039887], [-7.812757, 37.035296], [-7.842801, 37.029632], [-7.846476, 37.025998], [-7.895486, 37.025934], [-7.909846, 37.029506], [-7.907996, 37.030748], [-7.91704, 37.025875], [-7.915734, 37.015286], [-7.933383, 37.011152], [-7.935259, 37.016162]]}, "properties": {"name": "196: Vila Real de Santo António – Faro (Developed + Not Signed)", "source_file": "eurovelo-1.gpx", "point_count": 729, "distance_km": 68.25, "elevation_gain_m": 323.2, "elevation_loss_m": 323.1}}, {"type": "Feature", "geometry": {"type": "LineString", "coordinates": [[-7.93523, 37.01617], [-7.938115, 37.01599], [-7.951948, 37.03324], [-7.955311, 37.032853], [-7.963277, 37.019618], [-7.970447, 37.02374], [-7.988229, 37.016845], [-8.000836, 37.018873], [-8.016307, 37.024523], [-8.032557, 37.037141], [-8.032272, 37.033657], [-8.038649, 37.03449], [-8.049665, 37.040305], [-8.046772, 37.045031], [-8.049481, 37.049761], [-8.06199, 37.053646], [-8.058259, 37.060339], [-8.069898, 37.060177], [-8.075895, 37.068661], [-8.083592, 37.069295], [-8.08374, 37.05953], [-8.121561, 37.073279], [-8.117684, 37.077607], [-8.119772, 37.07933], [-8.124913, 37.078619], [-8.125764, 37.074296], [-8.133826, 37.076845], [-8.158797, 37.08917], [-8.162736, 37.098609], [-8.200315, 37.093449], [-8.206614, 37.102097], [-8.212291, 37.102855], [-8.233899, 37.091447], [-8.245197, 37.090747]]}, "properties": {"name": "197: Faro – Albufeira (Developed + Not Signed)", "source_file": "eurovelo-1.gpx", "point_count": 728, "distance_km": 43.42, "elevation_gain_m": 327.1, "elevation_loss_m": 291.2}}, {"type": "Feature", "geometry": {"type": "LineString", "coordinates": [[-8.245197, 37.090744], [-8.251537, 37.094844], [-8.257379, 37.089673], [-8.258716, 37.083572], [-8.26961, 37.085865], [-8.28728, 37.080521], [-8.285728, 37.081795], [-8.291427, 37.085975], [-8.308297, 37.089449], [-8.315442, 37.094807], [-8.318082, 37.094325], [-8.316925, 37.087963], [-8.319291, 37.087555], [-8.345214, 37.098992], [-8.337376, 37.101446], [-8.341933, 37.115414], [-8.346083, 37.116223], [-8.356583, 37.100997], [-8.382761, 37.106063], [-8.391626, 37.100491], [-8.405365, 37.118253], [-8.418943, 37.123744], [-8.430663, 37.120705], [-8.445586, 37.128867], [-8.452109, 37.138582], [-8.455562, 37.135315], [-8.469207, 37.136389], [-8.490199, 37.145349], [-8.50177, 37.144993], [-8.522529, 37.136033], [-8.532612, 37.139831]]}, "properties": {"name": "198: Albufeira – Portimão (Partially Developed + Not Signed)", "source_file": "eurovelo-1.gpx", "point_count": 646, "distance_km": 38.26, "elevation_gain_m": 350.2, "elevation_loss_m": 385.9}}, {"type": "Feature", "geometry": {"type": "LineString", "coordinates": [[-8.532477, 37.139998], [-8.531898, 37.143248], [-8.55081, 37.1439], [-8.561832, 37.14829], [-8.56269, 37.15269], [-8.572176, 37.157816], [-8.569388, 37.162818], [-8.5984, 37.16235], [-8.61905, 37.15241], [-8.635862, 37.158599], [-8.65063, 37.1511], [-8.63377, 37.14552], [-8.62456, 37.13353], [-8.632808, 37.124559], [-8.662488, 37.11001], [-8.67201, 37.11165], [-8.673964, 37.107928]]}, "properties": {"name": "199: Portimão – Lagos (Developed + Not Signed)", "source_file": "eurovelo-1.gpx", "point_count": 351, "distance_km": 24.86, "elevation_gain_m": 157.7, "elevation_loss_m": 166.4}}, {"type": "Feature", "geometry": {"type": "LineString", "coordinates": [[-8.674022, 37.107915], [-8.668674, 37.096873], [-8.676963, 37.093033], [-8.682251, 37.098746], [-8.69966, 37.097851], [-8.71387, 37.10082], [-8.74636, 37.07826], [-8.75193, 37.07802], [-8.75527, 37.08317], [-8.786642, 37.070331], [-8.79656, 37.07582], [-8.813203, 37.072927], [-8.826967, 37.064871], [-8.8338, 37.07041], [-8.84667, 37.07369], [-8.853806, 37.068219], [-8.868499, 37.066418], [-8.879722, 37.079595], [-8.887746, 37.079467], [-8.889683, 37.084036], [-8.902385, 37.088377], [-8.909843, 37.085238], [-8.907492, 37.082706], [-8.922839, 37.066461], [-8.924206, 37.053707], [-8.929243, 37.047707], [-8.944885, 37.007909]]}, "properties": {"name": "200: Lagos – Sagres (Developed + Not Signed)", "source_file": "eurovelo-1.gpx", "point_count": 548, "distance_km": 40.15, "elevation_gain_m": 552.1, "elevation_loss_m": 520.0}}, {"type": "Feature", "geometry": {"type": "LineString", "coordinates": [[-8.944784, 37.007988], [-8.96355, 37.02755], [-8.98371, 37.028217], [-8.99581, 37.02322], [-8.98391, 37.0282], [-8.971483, 37.027527], [-8.96889, 37.02982], [-8.966917, 37.048566], [-8.97044, 37.05152], [-8.9696, 37.06112], [-8.95337, 37.06818], [-8.947939, 37.082742], [-8.92949, 37.08345], [-8.93063, 37.09084], [-8.937321, 37.095973], [-8.934745, 37.09596], [-8.93659, 37.10056], [-8.93366, 37.10495], [-8.92766, 37.10455], [-8.93271, 37.10832], [-8.92535, 37.11008], [-8.928284, 37.117852], [-8.91934, 37.11656], [-8.91477, 37.12268], [-8.903564, 37.111308], [-8.896123, 37.124564], [-8.89158, 37.12655], [-8.88827, 37.1233], [-8.87809, 37.13726], [-8.86948, 37.156595], [-8.873901, 37.157478], [-8.88523, 37.170016], [-8.890634, 37.171653], [-8.893068, 37.167127], [-8.901408, 37.168574], [-8.909176, 37.176626], [-8.907902, 37.180432], [-8.911149, 37.184662], [-8.908323, 37.189925], [-8.916636, 37.195698], [-8.908759, 37.197485], [-8.903, 37.192105], [-8.896197, 37.191599], [-8.892967, 37.186928], [-8.895562, 37.183792]]}, "properties": {"name": "201: Sagres – Carrapateira (Developed + Signed)", "source_file": "eurovelo-1.gpx", "point_count": 439, "distance_km": 46.64, "elevation_gain_m": 514.8, "elevation_loss_m": 519.0}}, {"type": "Feature", "geometry": {"type": "LineString", "coordinates": [[-8.895421, 37.183531], [-8.886598, 37.20138], [-8.875037, 37.20561], [-8.87, 37.218118], [-8.871739, 37.22431], [-8.862855, 37.228099], [-8.852985, 37.238354], [-8.840904, 37.241292], [-8.835197, 37.246699], [-8.832836, 37.2579], [-8.827107, 37.26054], [-8.821635, 37.269123], [-8.824098, 37.277432], [-8.832993, 37.282376], [-8.839736, 37.280408], [-8.85181, 37.284495], [-8.850404, 37.286306], [-8.854529, 37.290037], [-8.848082, 37.289823], [-8.83911, 37.295667], [-8.813604, 37.295384], [-8.812257, 37.309169], [-8.806141, 37.312687], [-8.804349, 37.318532]]}, "properties": {"name": "202: Carrapateira – Aljezur (Developed + Signed)", "source_file": "eurovelo-1.gpx", "point_count": 362, "distance_km": 25.48, "elevation_gain_m": 298.9, "elevation_loss_m": 298.2}}, {"type": "Feature", "geometry": {"type": "LineString", "coordinates": [[-8.804385, 37.318528], [-8.802188, 37.32089], [-8.80415, 37.325674], [-8.807721, 37.320133], [-8.819696, 37.323863], [-8.837121, 37.34217], [-8.839628, 37.349676], [-8.829307, 37.353106], [-8.819183, 37.350986], [-8.800852, 37.369404], [-8.80589, 37.391731], [-8.802343, 37.396679], [-8.783167, 37.39804], [-8.799399, 37.410127], [-8.79779, 37.414574], [-8.785446, 37.409664], [-8.782744, 37.419268], [-8.789866, 37.420517], [-8.786987, 37.426313], [-8.793649, 37.434441], [-8.785401, 37.434776], [-8.776705, 37.430779], [-8.765116, 37.434791]]}, "properties": {"name": "203: Aljezur – Odeceixe (Developed + Signed)", "source_file": "eurovelo-1.gpx", "point_count": 335, "distance_km": 27.36, "elevation_gain_m": 254.2, "elevation_loss_m": 274.8}}, {"type": "Feature", "geometry": {"type": "LineString", "coordinates": [[-8.765114, 37.434793], [-8.75675, 37.43512], [-8.75686, 37.44277], [-8.77071, 37.455], [-8.77382, 37.45349], [-8.77827, 37.46288], [-8.78892, 37.46979], [-8.78506, 37.47815], [-8.77929, 37.47895], [-8.77808, 37.47613], [-8.76838, 37.47395], [-8.76429, 37.47802], [-8.79095, 37.49819], [-8.78255, 37.50542], [-8.78477, 37.50859], [-8.78289, 37.51727], [-8.78631, 37.52187], [-8.78457, 37.52537], [-8.78727, 37.52627], [-8.78417, 37.5269], [-8.78467, 37.53572], [-8.79135, 37.54947], [-8.77835, 37.56012], [-8.78252, 37.5635], [-8.7903, 37.55865], [-8.8055, 37.58029], [-8.81133, 37.58115], [-8.81036, 37.58484], [-8.81652, 37.59666], [-8.8058, 37.59775], [-8.78231, 37.61977], [-8.78411, 37.63827], [-8.79262, 37.65262], [-8.78959, 37.65447], [-8.78921, 37.6648], [-8.77557, 37.65782], [-8.76134, 37.68539], [-8.76036, 37.6803], [-8.7526, 37.67854], [-8.74798, 37.68408], [-8.75183, 37.69839], [-8.75543, 37.69913], [-8.76642, 37.71629], [-8.77148, 37.73342], [-8.77361, 37.731986]]}, "properties": {"name": "204: Odeceixe – Vila Nova de Milfontes (Developed + Not Signed)", "source_file": "eurovelo-1.gpx", "point_count": 571, "distance_km": 52.78, "elevation_gain_m": 541.3, "elevation_loss_m": 504.3}}, {"type": "Feature", "geometry": {"type": "LineString", "coordinates": [[-8.77361, 37.731986], [-8.77741, 37.73365], [-8.77566, 37.74494], [-8.7818, 37.75629], [-8.77744, 37.76438], [-8.78382, 37.77585], [-8.78293, 37.78606], [-8.77578, 37.80184], [-8.78022, 37.80639], [-8.77229, 37.81132], [-8.77496, 37.81557], [-8.78978, 37.81948], [-8.79184, 37.82264], [-8.78685, 37.83234], [-8.7913, 37.84987], [-8.79538, 37.84991], [-8.78926, 37.87931], [-8.79376, 37.9021], [-8.80178, 37.91217], [-8.80777, 37.92998], [-8.87128, 37.95428]]}, "properties": {"name": "205: Vila Nova de Milfontes – Sines (Developed + Not Signed)", "source_file": "eurovelo-1.gpx", "point_count": 378, "distance_km": 33.09, "elevation_gain_m": 211.4, "elevation_loss_m": 237.5}}, {"type": "Feature", "geometry": {"type": "LineString", "coordinates": [[-8.87128, 37.95428], [-8.87727, 37.95054], [-8.88471, 37.95632], [-8.88498, 37.96007], [-8.8797, 37.96459], [-8.87015, 37.96632], [-8.85929, 37.97579], [-8.85081, 37.97305], [-8.84193, 37.97712], [-8.8389, 37.98896], [-8.82981, 38.00177], [-8.83027, 38.00725], [-8.82552, 38.01384], [-8.82124, 38.0134], [-8.80233, 38.03743], [-8.81385, 38.04567], [-8.79584, 38.06108], [-8.79126, 38.0629], [-8.78471, 38.05857], [-8.7791, 38.06471], [-8.78326, 38.06772], [-8.78215, 38.07403], [-8.77667, 38.07741], [-8.7737, 38.08493], [-8.7848, 38.0966], [-8.77768, 38.11004], [-8.79542, 38.11389], [-8.7895, 38.1289], [-8.76313, 38.13463], [-8.76092, 38.13904], [-8.731395, 38.147685]]}, "properties": {"name": "206: Sines – Melides (Developed + Not Signed)", "source_file": "eurovelo-1.gpx", "point_count": 446, "distance_km": 36.99, "elevation_gain_m": 251.0, "elevation_loss_m": 235.0}}, {"type": "Feature", "geometry": {"type": "LineString", "coordinates": [[-8.731395, 38.147685], [-8.72908, 38.147284], [-8.731986, 38.15063], [-8.72859, 38.18317], [-8.73739, 38.25563], [-8.72719, 38.26876], [-8.72474, 38.29712], [-8.77238, 38.32217], [-8.78884, 38.38083], [-8.79718, 38.38281], [-8.81677, 38.41766], [-8.83405, 38.44006], [-8.865993, 38.464614]]}, "properties": {"name": "207: Melides – Tróia (Developed + Not Signed)", "source_file": "eurovelo-1.gpx", "point_count": 113, "distance_km": 41.4, "elevation_gain_m": 93.5, "elevation_loss_m": 116.4}}, {"type": "Feature", "geometry": {"type": "LineString", "coordinates": [[-8.884974, 38.522013], [-8.900292, 38.520227], [-8.912531, 38.513061], [-8.929024, 38.508659], [-8.926219, 38.504771], [-8.9373, 38.487281], [-8.978026, 38.48387], [-9.002961, 38.461916], [-9.024618, 38.460805], [-9.030434, 38.470801], [-9.029829, 38.475899], [-9.056618, 38.461394], [-9.074837, 38.46067], [-9.079062, 38.464302], [-9.097245, 38.465372], [-9.138802, 38.442751], [-9.154462, 38.446198], [-9.165748, 38.444712], [-9.203207, 38.41961], [-9.212595, 38.419975], [-9.211821, 38.417279], [-9.216028, 38.415674]]}, "properties": {"name": "208: Setubal – Cabo Espichel (Developed + Not Signed)", "source_file": "eurovelo-1.gpx", "point_count": 538, "distance_km": 38.86, "elevation_gain_m": 688.3, "elevation_loss_m": 558.9}}, {"type": "Feature", "geometry": {"type": "LineString", "coordinates": [[-9.212548, 38.41997], [-9.203207, 38.41961], [-9.173021, 38.440982], [-9.15949, 38.446162], [-9.162261, 38.457866], [-9.16997, 38.469797], [-9.168033, 38.475045], [-9.16133, 38.477218], [-9.156966, 38.492622], [-9.145195, 38.509695], [-9.143413, 38.521432], [-9.138862, 38.52662], [-9.131164, 38.527728], [-9.117831, 38.536255], [-9.100267, 38.550957], [-9.099436, 38.567082], [-9.101808, 38.582125], [-9.107269, 38.59322], [-9.104199, 38.601554], [-9.106973, 38.611483], [-9.111898, 38.617413], [-9.146627, 38.63653], [-9.152228, 38.643416], [-9.154281, 38.656231], [-9.159818, 38.664263], [-9.146823, 38.684648], [-9.147478, 38.687957]]}, "properties": {"name": "209: Cabo Espichel – Almada (Developed + Not Signed)", "source_file": "eurovelo-1.gpx", "point_count": 402, "distance_km": 39.07, "elevation_gain_m": 319.7, "elevation_loss_m": 449.6}}, {"type": "Feature", "geometry": {"type": "LineString", "coordinates": [[-9.143774, 38.7051], [-9.156573, 38.705552], [-9.210693, 38.692656], [-9.229858, 38.698282], [-9.253706, 38.700183], [-9.272024, 38.697865], [-9.404509, 38.703803], [-9.420177, 38.698314], [-9.423278, 38.69023], [-9.439544, 38.695914], [-9.460035, 38.695923], [-9.477411, 38.703524], [-9.484843, 38.710305], [-9.474351, 38.728941], [-9.456914, 38.735674], [-9.450366, 38.748629], [-9.450453, 38.752623], [-9.457268, 38.75248], [-9.459287, 38.758726], [-9.46452, 38.758814], [-9.473344, 38.766462], [-9.473696, 38.77043], [-9.470244, 38.77291], [-9.477784, 38.77189], [-9.480339, 38.77479], [-9.477026, 38.776824], [-9.475476, 38.78551], [-9.470055, 38.782674], [-9.461538, 38.786212], [-9.45995, 38.790588], [-9.463955, 38.791483], [-9.465557, 38.798912], [-9.471808, 38.804256], [-9.472814, 38.814778], [-9.472006, 38.819303], [-9.464949, 38.819704], [-9.469527, 38.828048], [-9.464696, 38.836954], [-9.459641, 38.837289], [-9.460048, 38.840071]]}, "properties": {"name": "210: Lisboa – Azenhas do Mar (Partially Developed + Not Signed)", "source_file": "eurovelo-1.gpx", "point_count": 733, "distance_km": 56.79, "elevation_gain_m": 640.8, "elevation_loss_m": 606.9}}, {"type": "Feature", "geometry": {"type": "LineString", "coordinates": [[-9.460099, 38.839903], [-9.455623, 38.850176], [-9.450006, 38.849118], [-9.452725, 38.851131], [-9.446826, 38.853291], [-9.448955, 38.86192], [-9.446282, 38.862852], [-9.450159, 38.865406], [-9.427466, 38.867364], [-9.420543, 38.865502], [-9.409151, 38.855713], [-9.400049, 38.866413], [-9.396363, 38.884107], [-9.390912, 38.889978], [-9.40074, 38.900824], [-9.407034, 38.903552], [-9.417585, 38.902281], [-9.413737, 38.915342], [-9.41787, 38.931753], [-9.413719, 38.933585], [-9.403791, 38.931106], [-9.396185, 38.935988], [-9.394078, 38.941407], [-9.399748, 38.944498], [-9.413767, 38.945024], [-9.414127, 38.955318], [-9.419491, 38.960824], [-9.419741, 38.972439], [-9.414181, 38.996708], [-9.42007, 39.005818], [-9.41798, 39.007709], [-9.423753, 39.009466], [-9.420005, 39.00624], [-9.410697, 39.010787], [-9.414863, 39.012511], [-9.418861, 39.022281], [-9.414824, 39.032111], [-9.399798, 39.045604], [-9.396101, 39.068147], [-9.390946, 39.073808], [-9.382173, 39.074188], [-9.365672, 39.084493], [-9.363897, 39.111292], [-9.3746, 39.119434], [-9.383397, 39.11651], [-9.392173, 39.119479], [-9.382514, 39.133636]]}, "properties": {"name": "211: Azenhas do Mar – Santacruz (Developed + Not Signed)", "source_file": "eurovelo-1.gpx", "point_count": 774, "distance_km": 55.57, "elevation_gain_m": 961.5, "elevation_loss_m": 973.8}}, {"type": "Feature", "geometry": {"type": "LineString", "coordinates": [[-9.382514, 39.133636], [-9.373861, 39.14386], [-9.363406, 39.144267], [-9.361615, 39.159893], [-9.354336, 39.178341], [-9.342182, 39.177641], [-9.337863, 39.174371], [-9.327833, 39.179122], [-9.322897, 39.195574], [-9.310668, 39.202472], [-9.314142, 39.204254], [-9.312962, 39.208702], [-9.322631, 39.207641], [-9.321032, 39.209311], [-9.32634, 39.211098], [-9.344626, 39.213078], [-9.33716, 39.220515], [-9.326389, 39.220105], [-9.32442, 39.225162], [-9.331875, 39.236017], [-9.32992, 39.244844], [-9.333808, 39.249452], [-9.326633, 39.254734], [-9.325762, 39.262304], [-9.3361, 39.264494], [-9.332479, 39.276109], [-9.33486, 39.282051], [-9.332473, 39.283768], [-9.338297, 39.287796], [-9.317428, 39.288722], [-9.315573, 39.295134], [-9.321259, 39.302193], [-9.338901, 39.308211], [-9.335442, 39.310579], [-9.340389, 39.321312], [-9.354768, 39.319595], [-9.360866, 39.324498], [-9.3539, 39.327825], [-9.352595, 39.346096], [-9.361512, 39.350166], [-9.364943, 39.356363], [-9.371103, 39.358697], [-9.378352, 39.356788], [-9.379179, 39.353767], [-9.387859, 39.356032], [-9.391505, 39.353669], [-9.408378, 39.359477]]}, "properties": {"name": "212: Santacruz – Peniche (Developed + Not Signed)", "source_file": "eurovelo-1.gpx", "point_count": 879, "distance_km": 49.94, "elevation_gain_m": 674.1, "elevation_loss_m": 685.7}}, {"type": "Feature", "geometry": {"type": "LineString", "coordinates": [[-9.408405, 39.359477], [-9.397143, 39.369899], [-9.377414, 39.36773], [-9.375808, 39.371646], [-9.372722, 39.369857], [-9.374394, 39.364676], [-9.366251, 39.358696], [-9.346631, 39.358282], [-9.338917, 39.362575], [-9.336368, 39.372494], [-9.328698, 39.370522], [-9.319524, 39.374643], [-9.294781, 39.377958], [-9.279651, 39.386376], [-9.277677, 39.396687], [-9.263186, 39.394422], [-9.255112, 39.403901], [-9.240678, 39.404161], [-9.23827, 39.411911], [-9.231626, 39.41657], [-9.237317, 39.42329], [-9.228428, 39.422283], [-9.221205, 39.415593], [-9.222845, 39.413061], [-9.212648, 39.406214], [-9.219707, 39.401347], [-9.216745, 39.398498], [-9.228043, 39.387156], [-9.227053, 39.38439], [-9.214857, 39.394621], [-9.205389, 39.39743], [-9.197254, 39.386577], [-9.191983, 39.388719], [-9.191706, 39.39258], [-9.187169, 39.39016], [-9.178919, 39.37718], [-9.167758, 39.370464], [-9.170327, 39.391984], [-9.176925, 39.399285], [-9.180831, 39.414905], [-9.185593, 39.419388], [-9.189058, 39.418152], [-9.18999, 39.408991], [-9.199177, 39.404886], [-9.206285, 39.421993], [-9.227265, 39.433343]]}, "properties": {"name": "213: Peniche – Foz Do Arelho (Developed + Not Signed)", "source_file": "eurovelo-1.gpx", "point_count": 684, "distance_km": 52.38, "elevation_gain_m": 521.3, "elevation_loss_m": 524.2}}, {"type": "Feature", "geometry": {"type": "LineString", "coordinates": [[-9.22726, 39.433361], [-9.214997, 39.445739], [-9.203141, 39.450665], [-9.191307, 39.475021], [-9.176788, 39.487674], [-9.160923, 39.490289], [-9.151099, 39.501576], [-9.135833, 39.504654], [-9.135524, 39.511616], [-9.140834, 39.513404], [-9.13745, 39.519627], [-9.126002, 39.527387], [-9.124787, 39.532923], [-9.107914, 39.539791], [-9.081482, 39.557179], [-9.069275, 39.569226], [-9.06861, 39.572861], [-9.074069, 39.578017], [-9.070824, 39.58534], [-9.074313, 39.588538], [-9.073936, 39.60164], [-9.067514, 39.60495], [-9.074583, 39.607311]]}, "properties": {"name": "214: Foz Do Arelho – Nazare (Partially Developed + Not Signed)", "source_file": "eurovelo-1.gpx", "point_count": 399, "distance_km": 29.74, "elevation_gain_m": 515.4, "elevation_loss_m": 413.0}}, {"type": "Feature", "geometry": {"type": "LineString", "coordinates": [[-9.074659, 39.607237], [-9.069928, 39.613322], [-9.069463, 39.635562], [-9.063292, 39.64619], [-9.064348, 39.655939], [-9.051895, 39.680062], [-9.044302, 39.6857], [-9.048994, 39.695377], [-9.0459, 39.6983], [-9.034423, 39.69517], [-9.020048, 39.69637], [-9.048719, 39.706349], [-9.047087, 39.721165], [-9.032877, 39.730017], [-9.026814, 39.746282], [-9.030611, 39.764866], [-9.013722, 39.781554], [-8.995662, 39.791773], [-8.96423, 39.879165]]}, "properties": {"name": "215: Nazare – Praia da Vieira (Developed + Not Signed)", "source_file": "eurovelo-1.gpx", "point_count": 320, "distance_km": 38.76, "elevation_gain_m": 227.9, "elevation_loss_m": 334.5}}, {"type": "Feature", "geometry": {"type": "LineString", "coordinates": [[-8.963671, 39.878748], [-8.950858, 39.914305], [-8.94151, 39.918267], [-8.941346, 39.922448], [-8.925528, 39.919239], [-8.916892, 39.924676], [-8.904007, 39.922509], [-8.891431, 39.94394], [-8.895367, 39.96586], [-8.857092, 39.980143], [-8.863531, 40.000338], [-8.849096, 40.013083], [-8.819468, 40.013111], [-8.815976, 40.017469], [-8.818561, 40.021128]]}, "properties": {"name": "216: Praia da Vieira – Marinha das Ondas (Developed + Signed)", "source_file": "eurovelo-1.gpx", "point_count": 223, "distance_km": 26.33, "elevation_gain_m": 200.7, "elevation_loss_m": 126.8}}, {"type": "Feature", "geometry": {"type": "LineString", "coordinates": [[-8.816353, 40.017648], [-8.820781, 40.026552], [-8.806379, 40.026366], [-8.797597, 40.02143], [-8.782701, 40.037488], [-8.780876, 40.050643], [-8.773241, 40.054752], [-8.759125, 40.072482], [-8.759558, 40.09091], [-8.771832, 40.094759], [-8.776132, 40.105052], [-8.780554, 40.103378], [-8.780888, 40.10979], [-8.774415, 40.113143], [-8.761924, 40.131836], [-8.754071, 40.13774], [-8.734453, 40.144888], [-8.721428, 40.145744], [-8.712018, 40.142003], [-8.70895, 40.145663], [-8.719435, 40.14915], [-8.736008, 40.148373], [-8.755429, 40.141374], [-8.764266, 40.135979], [-8.777084, 40.11757], [-8.785602, 40.115293], [-8.792662, 40.12001], [-8.802069, 40.138639], [-8.829777, 40.147006], [-8.866733, 40.147603], [-8.87151, 40.161037], [-8.884989, 40.166792]]}, "properties": {"name": "217: Marinha das Ondas – Figueira da Foz (Developed + Signed)", "source_file": "eurovelo-1.gpx", "point_count": 461, "distance_km": 45.35, "elevation_gain_m": 204.4, "elevation_loss_m": 275.9}}, {"type": "Feature", "geometry": {"type": "LineString", "coordinates": [[-8.885004, 40.166802], [-8.905696, 40.181178], [-8.902562, 40.185397], [-8.906012, 40.191649], [-8.894734, 40.205845], [-8.896005, 40.209845], [-8.890787, 40.22066], [-8.887601, 40.217664], [-8.849501, 40.21297], [-8.84837, 40.226827], [-8.822704, 40.234169], [-8.813739, 40.238049], [-8.805726, 40.246784], [-8.800907, 40.24616], [-8.798527, 40.257537], [-8.794877, 40.260601], [-8.795729, 40.271078], [-8.786441, 40.283301], [-8.786156, 40.290433], [-8.819274, 40.298257], [-8.784353, 40.379629], [-8.78516, 40.426468], [-8.799813, 40.44763], [-8.800344, 40.455355]]}, "properties": {"name": "218: Figueira da Foz – Praia de Mira (Developed + Signed)", "source_file": "eurovelo-1.gpx", "point_count": 329, "distance_km": 45.38, "elevation_gain_m": 284.9, "elevation_loss_m": 285.0}}, {"type": "Feature", "geometry": {"type": "LineString", "coordinates": [[-8.800852, 40.455601], [-8.792519, 40.455688], [-8.788556, 40.480314], [-8.783783, 40.479597], [-8.783609, 40.485901], [-8.780955, 40.485036], [-8.776853, 40.499925], [-8.769674, 40.510284], [-8.774858, 40.51142], [-8.775197, 40.520789], [-8.765417, 40.535313], [-8.768047, 40.551061], [-8.756724, 40.560137], [-8.746791, 40.588374], [-8.736305, 40.602168], [-8.737961, 40.619604], [-8.72553, 40.639439], [-8.729392, 40.639546], [-8.734787, 40.647314], [-8.730573, 40.649837]]}, "properties": {"name": "219: Praia de Mira – Aveiro (Developed + Not Signed)", "source_file": "eurovelo-1.gpx", "point_count": 240, "distance_km": 26.62, "elevation_gain_m": 33.0, "elevation_loss_m": 39.9}}, {"type": "Feature", "geometry": {"type": "LineString", "coordinates": [[-8.729713, 40.660701], [-8.71828, 40.67778], [-8.720276, 40.696469], [-8.699269, 40.720566], [-8.696874, 40.739108], [-8.701797, 40.758608], [-8.687778, 40.782424], [-8.675848, 40.790527], [-8.670662, 40.788406], [-8.664339, 40.761808], [-8.659103, 40.76191], [-8.655093, 40.764764], [-8.655396, 40.76942], [-8.649081, 40.77067], [-8.633768, 40.790698], [-8.624851, 40.79638], [-8.633769, 40.8037], [-8.628037, 40.80542], [-8.630586, 40.812747], [-8.626117, 40.813333], [-8.624641, 40.80758], [-8.619074, 40.806327], [-8.615159, 40.812956], [-8.610799, 40.812868], [-8.621978, 40.851166], [-8.633189, 40.860851], [-8.647655, 40.863803]]}, "properties": {"name": "220: Aveiro – Ovar (Developed + Not Signed)", "source_file": "eurovelo-1.gpx", "point_count": 437, "distance_km": 39.5, "elevation_gain_m": 109.8, "elevation_loss_m": 102.2}}, {"type": "Feature", "geometry": {"type": "LineString", "coordinates": [[-8.647648, 40.863802], [-8.671015, 40.871212], [-8.67387, 40.875288], [-8.664208, 40.877041], [-8.648133, 40.899814], [-8.656151, 40.904903], [-8.657251, 40.927364], [-8.646204, 40.931172], [-8.645088, 40.934104], [-8.644962, 40.954414], [-8.653056, 40.95389], [-8.653358, 40.958356], [-8.647483, 40.968325], [-8.641107, 40.972517], [-8.64387, 40.975502], [-8.64216, 40.98035], [-8.646337, 40.988627], [-8.64649, 40.998674], [-8.645839, 41.008507], [-8.639863, 41.015715], [-8.641659, 41.029868], [-8.651437, 41.044749], [-8.655819, 41.057873], [-8.652707, 41.064566], [-8.656686, 41.069179], [-8.656837, 41.09329], [-8.670033, 41.134839], [-8.660948, 41.135961], [-8.639452, 41.146406], [-8.624125, 41.141679], [-8.619908, 41.137376], [-8.609155, 41.139037]]}, "properties": {"name": "221: Ovar – Porto / Gaia (Developed + Not Signed)", "source_file": "eurovelo-1.gpx", "point_count": 546, "distance_km": 44.06, "elevation_gain_m": 228.7, "elevation_loss_m": 230.4}}, {"type": "Feature", "geometry": {"type": "LineString", "coordinates": [[-8.609561, 41.140222], [-8.636851, 41.148272], [-8.674815, 41.148086], [-8.689577, 41.167712], [-8.687187, 41.170593], [-8.696816, 41.1851], [-8.692401, 41.187245], [-8.695752, 41.191278], [-8.705557, 41.190759], [-8.714003, 41.203173], [-8.712283, 41.219872], [-8.719504, 41.227377], [-8.726494, 41.242778], [-8.723278, 41.24505], [-8.722832, 41.25624], [-8.727684, 41.27455], [-8.723423, 41.276285], [-8.725645, 41.282272], [-8.730728, 41.283326], [-8.730102, 41.291595], [-8.735989, 41.295531], [-8.737176, 41.300175], [-8.73289, 41.322644], [-8.733871, 41.331737], [-8.738721, 41.330468], [-8.741626, 41.339489], [-8.73945, 41.351815]]}, "properties": {"name": "222: Porto / Gaia – Vila do Conde (Developed + Not Signed)", "source_file": "eurovelo-1.gpx", "point_count": 480, "distance_km": 35.21, "elevation_gain_m": 201.1, "elevation_loss_m": 198.1}}, {"type": "Feature", "geometry": {"type": "LineString", "coordinates": [[-8.740485, 41.351939], [-8.745973, 41.34293], [-8.752192, 41.341452], [-8.762105, 41.374474], [-8.774327, 41.389068], [-8.778179, 41.396763], [-8.775876, 41.401118], [-8.785414, 41.415363], [-8.782177, 41.423413], [-8.783696, 41.430672], [-8.778592, 41.43441], [-8.764706, 41.47038], [-8.765261, 41.475424], [-8.782669, 41.488905], [-8.784339, 41.515888], [-8.775552, 41.511701], [-8.770839, 41.517077], [-8.785879, 41.538147]]}, "properties": {"name": "223: Vila do Conde – Esposende (Developed + Not Signed)", "source_file": "eurovelo-1.gpx", "point_count": 359, "distance_km": 29.12, "elevation_gain_m": 103.9, "elevation_loss_m": 109.3}}, {"type": "Feature", "geometry": {"type": "LineString", "coordinates": [[-8.785888, 41.538167], [-8.7911, 41.546113], [-8.782672, 41.548601], [-8.78345, 41.55931], [-8.790609, 41.575824], [-8.78354, 41.605234], [-8.776922, 41.616528], [-8.785298, 41.6227], [-8.796584, 41.623808], [-8.802991, 41.631458], [-8.810104, 41.669258], [-8.817798, 41.685077], [-8.812744, 41.688285], [-8.822984, 41.696104], [-8.834412, 41.689286], [-8.848946, 41.693419], [-8.859276, 41.704633], [-8.877147, 41.745051], [-8.874371, 41.748609], [-8.875525, 41.755064], [-8.872561, 41.756821], [-8.876407, 41.757438], [-8.876134, 41.76102], [-8.866222, 41.77536], [-8.873763, 41.795865], [-8.864534, 41.807314], [-8.857965, 41.806371], [-8.872647, 41.820126], [-8.873734, 41.839454], [-8.86663, 41.845951], [-8.858356, 41.865471], [-8.848272, 41.86614], [-8.837363, 41.87894]]}, "properties": {"name": "224: Esposende – Caminha (Developed + Not Signed)", "source_file": "eurovelo-1.gpx", "point_count": 834, "distance_km": 50.86, "elevation_gain_m": 324.6, "elevation_loss_m": 325.0}}, {"type": "Feature", "geometry": {"type": "LineString", "coordinates": [[-8.837358, 41.878937], [-8.824859, 41.881101], [-8.824601, 41.890856], [-8.816149, 41.900488], [-8.798092, 41.903968], [-8.791932, 41.90866], [-8.79057, 41.913784], [-8.755355, 41.926633], [-8.743105, 41.947222], [-8.745453, 41.959635], [-8.734809, 41.968651], [-8.686473, 41.98912], [-8.679965, 41.988185], [-8.670635, 41.997404], [-8.657296, 42.002057], [-8.651868, 42.013051], [-8.656384, 42.01416], [-8.657182, 42.023973], [-8.649731, 42.025583], [-8.645334, 42.034501]]}, "properties": {"name": "225: Caminha – Valenca (Developed + Not Signed)", "source_file": "eurovelo-1.gpx", "point_count": 501, "distance_km": 28.99, "elevation_gain_m": 176.1, "elevation_loss_m": 153.9}}, {"type": "Feature", "geometry": {"type": "LineString", "coordinates": [[-8.64547, 42.034597], [-8.648767, 42.041029], [-8.658714, 42.037192], [-8.662596, 42.032209], [-8.667774, 42.019647], [-8.661854, 42.018544], [-8.669444, 42.015717], [-8.672854, 42.009132], [-8.665666, 42.002809], [-8.679892, 42.000234], [-8.681275, 41.996867], [-8.691647, 41.99457], [-8.695248, 41.989503], [-8.706547, 41.985333], [-8.71677, 41.987931], [-8.751587, 41.965897], [-8.754195, 41.96032], [-8.748524, 41.95168], [-8.750424, 41.943973], [-8.760932, 41.93381], [-8.796579, 41.91759], [-8.807209, 41.919833], [-8.825185, 41.913255], [-8.828724, 41.914943], [-8.833314, 41.910598], [-8.835933, 41.914998], [-8.854933, 41.910335], [-8.844908, 41.901311], [-8.852909, 41.894489], [-8.851009, 41.887474], [-8.857236, 41.884638], [-8.866218, 41.873336], [-8.872665, 41.871711], [-8.881355, 41.881874], [-8.879336, 41.89387], [-8.87378, 41.899706], [-8.879846, 41.902735], [-8.875929, 41.909988], [-8.879447, 41.913293], [-8.88516, 41.937379], [-8.882032, 41.945371], [-8.884164, 41.987749], [-8.876576, 42.002329], [-8.881939, 42.008982], [-8.88485, 42.026622], [-8.877859, 42.041457], [-8.888761, 42.053675], [-8.893723, 42.077887], [-8.88999, 42.082554], [-8.894145, 42.100214], [-8.898085, 42.10395], [-8.895145, 42.11181], [-8.880426, 42.110023], [-8.858387, 42.122255], [-8.847271, 42.119147]]}, "properties": {"name": "226: Valenca – Baiona (Developed + Signed)", "source_file": "eurovelo-1.gpx", "point_count": 1320, "distance_km": 74.47, "elevation_gain_m": 690.8, "elevation_loss_m": 711.4}}, {"type": "Feature", "geometry": {"type": "LineString", "coordinates": [[-8.847271, 42.119147], [-8.835015, 42.112021], [-8.813311, 42.115338], [-8.819778, 42.124637], [-8.816142, 42.130799], [-8.816433, 42.138637], [-8.819904, 42.143754], [-8.824876, 42.144765], [-8.826698, 42.153066], [-8.821313, 42.1534], [-8.814785, 42.160396], [-8.812312, 42.17208], [-8.806619, 42.176084], [-8.806016, 42.180304], [-8.809497, 42.18256], [-8.805903, 42.187261], [-8.794718, 42.196146], [-8.777013, 42.202637], [-8.774038, 42.211321], [-8.732618, 42.221027], [-8.726736, 42.235108], [-8.709914, 42.231315], [-8.701, 42.242176], [-8.694706, 42.245034], [-8.697485, 42.238721], [-8.694266, 42.237395], [-8.68909, 42.24621], [-8.684526, 42.245004], [-8.679628, 42.252445], [-8.663326, 42.261525], [-8.659435, 42.271241], [-8.662957, 42.275405], [-8.655849, 42.27663], [-8.650329, 42.282623], [-8.641613, 42.284883], [-8.628321, 42.276002], [-8.6224, 42.279063], [-8.624792, 42.287293], [-8.610719, 42.287398]]}, "properties": {"name": "227: Baiona – Redondela (Developed + Signed)", "source_file": "eurovelo-1.gpx", "point_count": 759, "distance_km": 42.23, "elevation_gain_m": 689.3, "elevation_loss_m": 683.3}}, {"type": "Feature", "geometry": {"type": "LineString", "coordinates": [[-8.610719, 42.287398], [-8.613876, 42.294179], [-8.603045, 42.310123], [-8.607508, 42.316628], [-8.602392, 42.326862], [-8.606791, 42.3329], [-8.611463, 42.333198], [-8.610281, 42.340703], [-8.614065, 42.341186], [-8.611842, 42.34524], [-8.607391, 42.344393], [-8.607352, 42.350221], [-8.615463, 42.353047], [-8.626036, 42.346105], [-8.629762, 42.354579], [-8.634249, 42.356557], [-8.63894, 42.34873], [-8.638232, 42.343353], [-8.645751, 42.337504], [-8.643364, 42.33293], [-8.637793, 42.332074], [-8.637027, 42.326685], [-8.646489, 42.327942], [-8.648512, 42.322838], [-8.65567, 42.324167], [-8.663524, 42.317959], [-8.665172, 42.30859], [-8.657998, 42.298152], [-8.664024, 42.294007], [-8.661938, 42.292768], [-8.677862, 42.290715], [-8.682372, 42.285114], [-8.685881, 42.287888], [-8.693397, 42.280284], [-8.704819, 42.282035], [-8.708094, 42.276888], [-8.711885, 42.286575], [-8.717333, 42.289374], [-8.720775, 42.285345]]}, "properties": {"name": "228: Redondela – Moaña (Developed + Signed)", "source_file": "eurovelo-1.gpx", "point_count": 843, "distance_km": 35.17, "elevation_gain_m": 947.3, "elevation_loss_m": 951.4}}, {"type": "Feature", "geometry": {"type": "LineString", "coordinates": [[-8.720775, 42.285345], [-8.733023, 42.286303], [-8.740474, 42.271289], [-8.75642, 42.269092], [-8.766959, 42.261106], [-8.783882, 42.263077], [-8.789026, 42.248805], [-8.808364, 42.255916], [-8.807509, 42.260091], [-8.810328, 42.261882], [-8.818703, 42.262632], [-8.819311, 42.259863], [-8.826624, 42.259184], [-8.827819, 42.265328], [-8.843928, 42.268617], [-8.854331, 42.276179], [-8.860893, 42.27077], [-8.861442, 42.273722], [-8.851386, 42.279042], [-8.85033, 42.283313], [-8.842758, 42.285816], [-8.838205, 42.285071], [-8.835074, 42.272429], [-8.824744, 42.272585], [-8.815765, 42.277849], [-8.821007, 42.281545], [-8.820574, 42.286468], [-8.812002, 42.290915], [-8.820298, 42.296456], [-8.809252, 42.301098], [-8.807006, 42.315285], [-8.820341, 42.315538], [-8.818733, 42.322928], [-8.824709, 42.321725], [-8.825148, 42.326194], [-8.819199, 42.3311], [-8.824003, 42.333186], [-8.823283, 42.336152], [-8.810497, 42.332058], [-8.799928, 42.337451], [-8.800861, 42.333043], [-8.792527, 42.325857], [-8.784842, 42.3271]]}, "properties": {"name": "229: Moaña – Bueu (Developed + Signed)", "source_file": "eurovelo-1.gpx", "point_count": 1153, "distance_km": 43.83, "elevation_gain_m": 1206.6, "elevation_loss_m": 1206.8}}, {"type": "Feature", "geometry": {"type": "LineString", "coordinates": [[-8.784842, 42.3271], [-8.780795, 42.326524], [-8.767655, 42.335503], [-8.752954, 42.338249], [-8.748622, 42.352166], [-8.742535, 42.35656], [-8.738744, 42.370764], [-8.73209, 42.370235], [-8.724782, 42.375443], [-8.724414, 42.3798], [-8.726968, 42.378208], [-8.725362, 42.384836], [-8.71872, 42.383305], [-8.718517, 42.388799], [-8.709221, 42.393893], [-8.705574, 42.39057], [-8.703925, 42.393497], [-8.695814, 42.393349], [-8.677883, 42.408077], [-8.669994, 42.409818], [-8.663694, 42.420766], [-8.655835, 42.421644], [-8.648892, 42.431127], [-8.657595, 42.434322], [-8.660643, 42.427251], [-8.669762, 42.426048], [-8.673451, 42.421012], [-8.680807, 42.421575], [-8.685383, 42.425771], [-8.681745, 42.430636], [-8.685006, 42.430451], [-8.682291, 42.441396], [-8.700779, 42.437062], [-8.707148, 42.441324], [-8.711554, 42.434197], [-8.709578, 42.429468], [-8.723033, 42.426287], [-8.725909, 42.423341], [-8.723379, 42.421392], [-8.74159, 42.41412], [-8.747807, 42.405405], [-8.759323, 42.399675], [-8.781979, 42.396483], [-8.812729, 42.40306], [-8.824889, 42.398325], [-8.823343, 42.394341]]}, "properties": {"name": "230: Bueu – Portonovo (Developed + Signed)", "source_file": "eurovelo-1.gpx", "point_count": 881, "distance_km": 46.77, "elevation_gain_m": 792.5, "elevation_loss_m": 789.0}}, {"type": "Feature", "geometry": {"type": "LineString", "coordinates": [[-8.823343, 42.394341], [-8.82414, 42.391436], [-8.833438, 42.395142], [-8.844016, 42.406027], [-8.848827, 42.406374], [-8.851085, 42.400445], [-8.855003, 42.40156], [-8.857279, 42.398805], [-8.85463, 42.403704], [-8.860119, 42.405474], [-8.86318, 42.410148], [-8.860512, 42.410834], [-8.874168, 42.422408], [-8.871065, 42.439124], [-8.860258, 42.449547], [-8.852479, 42.452078], [-8.84906, 42.449269], [-8.845118, 42.455384], [-8.841022, 42.455671], [-8.832675, 42.447985], [-8.831115, 42.4534], [-8.819429, 42.45172], [-8.821124, 42.456422], [-8.816788, 42.457712], [-8.817052, 42.465534], [-8.823011, 42.469608], [-8.823858, 42.485362], [-8.812066, 42.488781], [-8.811235, 42.491736], [-8.807154, 42.4906], [-8.804489, 42.494957], [-8.803688, 42.499926], [-8.819414, 42.508011], [-8.81567, 42.510865], [-8.817524, 42.51908], [-8.812066, 42.52733], [-8.819041, 42.527886], [-8.814291, 42.536303], [-8.820037, 42.536173], [-8.821239, 42.540273], [-8.825984, 42.540385], [-8.836081, 42.55239], [-8.835206, 42.558557], [-8.829469, 42.563248], [-8.828325, 42.573903], [-8.82324, 42.577621], [-8.8023, 42.575639], [-8.794848, 42.579207], [-8.792498, 42.58238], [-8.795407, 42.585314], [-8.790811, 42.585774], [-8.783838, 42.594912], [-8.774195, 42.592262], [-8.769043, 42.596364]]}, "properties": {"name": "231: Portonovo – Vilagarcía de Arousa (Developed + Signed)", "source_file": "eurovelo-1.gpx", "point_count": 908, "distance_km": 46.05, "elevation_gain_m": 476.9, "elevation_loss_m": 482.5}}, {"type": "Feature", "geometry": {"type": "LineString", "coordinates": [[-8.769043, 42.596364], [-8.765964, 42.601893], [-8.771456, 42.611051], [-8.76631, 42.613619], [-8.768046, 42.622082], [-8.761559, 42.628285], [-8.754428, 42.62894], [-8.747426, 42.633995], [-8.740856, 42.645603], [-8.732388, 42.64815], [-8.737838, 42.657493], [-8.725185, 42.664398], [-8.729313, 42.670646], [-8.718491, 42.676397], [-8.729437, 42.67719], [-8.731246, 42.673218], [-8.74114, 42.669889], [-8.749752, 42.672077], [-8.756474, 42.662254], [-8.764615, 42.656964], [-8.768196, 42.66072], [-8.774136, 42.656106], [-8.778982, 42.650253], [-8.779354, 42.642682], [-8.789722, 42.644796], [-8.793777, 42.640985], [-8.796296, 42.644178], [-8.802162, 42.639165], [-8.80758, 42.64097], [-8.812627, 42.6482], [-8.819946, 42.649074], [-8.813465, 42.660236], [-8.814658, 42.664469], [-8.828848, 42.666664], [-8.832245, 42.673954], [-8.828817, 42.676866], [-8.832018, 42.681385], [-8.845185, 42.687589], [-8.852477, 42.679939], [-8.846656, 42.680379], [-8.841428, 42.673101], [-8.84212, 42.668984], [-8.853945, 42.665159], [-8.861126, 42.644282], [-8.855224, 42.638795], [-8.838584, 42.633519], [-8.847169, 42.635537], [-8.863858, 42.625935], [-8.861017, 42.618074], [-8.867819, 42.615147], [-8.861654, 42.610857], [-8.862904, 42.608219], [-8.886574, 42.620249], [-8.88238, 42.625123], [-8.871593, 42.627072], [-8.869268, 42.632203], [-8.871392, 42.635025], [-8.888349, 42.641113], [-8.900634, 42.640483], [-8.902713, 42.633328], [-8.916228, 42.626872], [-8.922905, 42.619053], [-8.931902, 42.617346], [-8.937332, 42.607158], [-8.933514, 42.595247], [-8.921273, 42.587349], [-8.930221, 42.587511], [-8.940179, 42.583335], [-8.952197, 42.586573], [-8.958046, 42.583491], [-8.963328, 42.571325], [-8.983039, 42.568391], [-8.990674, 42.564358], [-8.990761, 42.556592]]}, "properties": {"name": "232: Vilagarcía de Arousa – Santa Uxía (Developed + Signed)", "source_file": "eurovelo-1.gpx", "point_count": 1555, "distance_km": 76.32, "elevation_gain_m": 1091.4, "elevation_loss_m": 1087.4}}, {"type": "Feature", "geometry": {"type": "LineString", "coordinates": [[-8.990761, 42.556592], [-8.983714, 42.545477], [-8.991757, 42.535061], [-8.999541, 42.530364], [-9.011505, 42.529575], [-9.022956, 42.517434], [-9.027636, 42.521177], [-9.037561, 42.520048], [-9.039579, 42.521722], [-9.031097, 42.527437], [-9.028296, 42.53658], [-9.016419, 42.540643], [-9.019469, 42.544102], [-9.018416, 42.549384], [-9.022637, 42.552702], [-9.02294, 42.567048], [-9.014957, 42.578161], [-9.040811, 42.587055], [-9.045883, 42.585023], [-9.048009, 42.588135], [-9.061482, 42.584407], [-9.069891, 42.576156], [-9.074819, 42.576447], [-9.072527, 42.585776], [-9.065633, 42.589657], [-9.065529, 42.59396], [-9.061216, 42.593432], [-9.059131, 42.608507], [-9.053386, 42.609989], [-9.056201, 42.61709], [-9.047765, 42.624473], [-9.041415, 42.61728], [-9.03638, 42.615793], [-9.03161, 42.618355], [-9.033532, 42.625497], [-9.026224, 42.636484], [-9.029662, 42.640278], [-9.028279, 42.648259], [-9.030966, 42.655069], [-9.038124, 42.661528], [-9.034669, 42.666935], [-9.03793, 42.668508], [-9.026, 42.672892], [-9.02279, 42.677555], [-9.021062, 42.68733], [-9.024, 42.697119], [-9.0167, 42.709113], [-9.008483, 42.712526], [-9.007764, 42.725947], [-8.990018, 42.729697], [-8.981991, 42.734567], [-8.97954, 42.739732], [-8.973618, 42.73797], [-8.960849, 42.743273], [-8.95645, 42.737728], [-8.949408, 42.739997], [-8.942955, 42.74915], [-8.947824, 42.757543], [-8.936454, 42.763822], [-8.931656, 42.763185], [-8.927671, 42.773145], [-8.928461, 42.779652], [-8.915094, 42.785482], [-8.915975, 42.788712], [-8.909203, 42.788117], [-8.905613, 42.783232], [-8.894205, 42.777882], [-8.889834, 42.783588]]}, "properties": {"name": "233: Santa Uxía – Noia (Developed + Signed)", "source_file": "eurovelo-1.gpx", "point_count": 1333, "distance_km": 66.55, "elevation_gain_m": 991.3, "elevation_loss_m": 991.5}}, {"type": "Feature", "geometry": {"type": "LineString", "coordinates": [[-8.889834, 42.783588], [-8.894838, 42.795783], [-8.888242, 42.798308], [-8.889704, 42.808006], [-8.886222, 42.807686], [-8.884192, 42.813212], [-8.874972, 42.819268], [-8.875854, 42.829839], [-8.879621, 42.830075], [-8.881237, 42.823461], [-8.887319, 42.818565], [-8.893195, 42.826338], [-8.900857, 42.829968], [-8.90071, 42.838697], [-8.907804, 42.843079], [-8.905311, 42.837799], [-8.913694, 42.831278], [-8.920218, 42.830306], [-8.915667, 42.822381], [-8.903624, 42.820686], [-8.912441, 42.805074], [-8.919377, 42.80573], [-8.916417, 42.798044], [-8.924279, 42.798103], [-8.928621, 42.801909], [-8.925308, 42.805177], [-8.930542, 42.807387], [-8.939082, 42.80203], [-8.943133, 42.804], [-8.949295, 42.800897], [-8.952891, 42.793048], [-8.948704, 42.791217], [-8.951179, 42.786784], [-8.963993, 42.781206], [-8.965373, 42.787143], [-8.972807, 42.790441], [-8.973683, 42.798772], [-8.978092, 42.794133], [-8.990658, 42.793824], [-8.992993, 42.788508], [-9.000592, 42.786899], [-9.009835, 42.793081], [-9.016677, 42.804864], [-9.024655, 42.801011], [-9.029759, 42.802222], [-9.032225, 42.794368], [-9.042713, 42.788042], [-9.065154, 42.788433], [-9.065142, 42.782252], [-9.057751, 42.774821]]}, "properties": {"name": "234: Noia – Muros (Developed + Signed)", "source_file": "eurovelo-1.gpx", "point_count": 866, "distance_km": 45.42, "elevation_gain_m": 812.9, "elevation_loss_m": 811.0}}, {"type": "Feature", "geometry": {"type": "LineString", "coordinates": [[-9.057751, 42.774821], [-9.055702, 42.77469], [-9.058767, 42.762765], [-9.097971, 42.758749], [-9.110507, 42.763321], [-9.122249, 42.776881], [-9.130491, 42.793109], [-9.142019, 42.797212], [-9.137294, 42.803015], [-9.133933, 42.800803], [-9.13452, 42.80491], [-9.124964, 42.798774], [-9.0918, 42.818069], [-9.088727, 42.822783], [-9.097015, 42.826489], [-9.089257, 42.830014], [-9.084663, 42.845762], [-9.096039, 42.861013], [-9.105998, 42.863732], [-9.108507, 42.871614], [-9.111354, 42.868582], [-9.119821, 42.870012], [-9.13851, 42.880819], [-9.137767, 42.889223], [-9.125866, 42.906375], [-9.132162, 42.911507], [-9.143094, 42.910746], [-9.150364, 42.921969], [-9.161259, 42.924512], [-9.162466, 42.932149], [-9.172368, 42.939702], [-9.172148, 42.947453], [-9.179122, 42.946553], [-9.19013, 42.954186], [-9.192481, 42.938042], [-9.198576, 42.939606], [-9.207533, 42.935943], [-9.214612, 42.937603], [-9.216572, 42.943401], [-9.222254, 42.944591], [-9.236974, 42.941083], [-9.238411, 42.928846], [-9.256576, 42.925872], [-9.264214, 42.919978], [-9.266743, 42.913656], [-9.261504, 42.905787], [-9.264053, 42.894221], [-9.267607, 42.893287], [-9.271658, 42.88498]]}, "properties": {"name": "235: Muros – Fisterra (Developed + Signed)", "source_file": "eurovelo-1.gpx", "point_count": 1222, "distance_km": 59.51, "elevation_gain_m": 1230.6, "elevation_loss_m": 1117.0}}]}
